{
  "baseline": {
    "angular_rate_gains_diag": [
      0.25,
      0.25,
      0.15
    ],
    "attitude_gains_diag": [
      2.5,
      2.5,
      0.8
    ],
    "max_tilt_deg": 12.0,
    "position_gains_diag": [
      0.5,
      0.5,
      5.5
    ],
    "velocity_gains_diag": [
      0.8,
      0.8,
      3.0
    ],
    "z_integral_gain": 1.2,
    "z_integral_limit": 1.5
  },
  "controller_mode": "baseline_geometric",
  "initial_state": [
    0.0037951108533889055,
    0.004124825820326805,
    0.056886106729507446,
    -0.0037894288543611765,
    0.013243072666227818,
    0.026267927139997482,
    0.9946355914916134,
    -0.10343853334313446,
    0.0006765205113447945,
    0.10343837781967169,
    0.9946358034780636,
    0.0002610663549869746,
    -0.0006998958659998125,
    -0.00018968769262337447,
    0.9999997370821372,
    0.0003286580613348633,
    -0.0006721691461279988,
    -0.00011164838360855356
  ],
  "model_artifact": "results/offline/hover_local_v1/latest/edmd_unquantized.npz",
  "quantization_mode": "none",
  "reference_duration_s": 24.0,
  "reference_mode": "sitl_identification_v2",
  "reference_sample_count": 24000,
  "reference_seed": 2141445,
  "vehicle_scaling": {
    "max_body_torque_x_nm": 1.0,
    "max_body_torque_y_nm": 1.0,
    "max_body_torque_z_nm": 0.6,
    "max_collective_thrust_newton": 62.0
  }
}