{
  "artifact_eval_rmse": {
    "dx": 0.027649949767377256,
    "theta": 0.029165677890289305,
    "wb": 0.07194668566081679,
    "x": 0.0045805684288775725
  },
  "artifact_path": "/home/soarbuckiadm/Desktop/QuantizedQuadrotorMPC-main/SITL/results/offline/sitl_baseline_v1/20260402T013459Z_sitl_id_v7_hovercentered_affine_rotated/edmd_unquantized.npz",
  "cost_state_mode": "decoded24_raw",
  "divergence_time_s": 6.560600227,
  "dominant_error_group": "dx",
  "early_window_rmse": {
    "dx": 0.275615724328155,
    "theta": 0.13727672899126284,
    "wb": 0.35540607252166373,
    "x": 0.006755945167210983
  },
  "early_window_rmse_ratio": {
    "dx": 9.96803707228936,
    "theta": 4.706790272718778,
    "wb": 4.9398532991106645,
    "x": 1.4749141448513339
  },
  "early_window_s": 2.0,
  "log_path": "/home/soarbuckiadm/Desktop/QuantizedQuadrotorMPC-main/SITL/results/sitl/4-3-26_2000/runtime_log.csv",
  "post_4s_internal_bound_fraction": {
    "u0": 0.818815331010453,
    "u1": 0.12195121951219512,
    "u2": 0.313588850174216,
    "u3": 0.0
  },
  "pre_divergence_internal_bound_fraction": {
    "u0": 0.5825242718446602,
    "u1": 0.02912621359223301,
    "u2": 0.07119741100323625,
    "u3": 0.0
  },
  "replay_horizon_steps": 10,
  "residual_enabled": true,
  "run_name": "4-3-26_2000",
  "selected_branch": "Branch A",
  "thresholds": {
    "bound_activity_margin_fraction": 0.05,
    "branch_a_state_ratio": 4.0,
    "branch_a_theta_ratio": 3.0,
    "branch_a_wb_ratio": 3.0,
    "branch_b_bound_fraction": 0.1,
    "branch_b_divergence_time_s": 4.0,
    "post_4s_internal_bound_fraction_max": 0.15
  }
}