{
  "baseline": {
    "angular_rate_gains_diag": [
      0.25,
      0.25,
      0.15
    ],
    "attitude_gains_diag": [
      2.5,
      2.5,
      0.8
    ],
    "max_tilt_deg": 12.0,
    "position_gains_diag": [
      0.5,
      0.5,
      5.5
    ],
    "velocity_gains_diag": [
      0.8,
      0.8,
      3.0
    ],
    "z_integral_gain": 1.2,
    "z_integral_limit": 1.5
  },
  "controller_mode": "edmd_mpc",
  "initial_state": [
    0.039389412850141525,
    0.02276165783405304,
    -0.02185402810573578,
    0.028538499027490616,
    -0.0007663962314836681,
    0.008892692625522614,
    0.994644026297375,
    -0.10335614315568153,
    -0.0010099289018830372,
    0.10335598908781152,
    0.994644534170182,
    -0.00020371176897207924,
    0.0010255749849052385,
    9.823859736901239e-05,
    0.9999994692724837,
    -0.0008276865119114518,
    0.0013052800204604864,
    -0.0011388218263164163
  ],
  "model_artifact": "results/offline/sitl_baseline_v1/latest/edmd_unquantized.npz",
  "quantization_mode": "none",
  "reference_duration_s": 10.0,
  "reference_mode": "takeoff_hold",
  "reference_sample_count": 10000,
  "reference_seed": 2141444,
  "vehicle_scaling": {
    "max_body_torque_x_nm": 1.0,
    "max_body_torque_y_nm": 1.0,
    "max_body_torque_z_nm": 0.6,
    "max_collective_thrust_newton": 62.0
  }
}