{
  "baseline": {
    "angular_rate_gains_diag": [
      0.25,
      0.25,
      0.15
    ],
    "attitude_gains_diag": [
      2.5,
      2.5,
      0.8
    ],
    "max_tilt_deg": 12.0,
    "position_gains_diag": [
      0.5,
      0.5,
      5.5
    ],
    "velocity_gains_diag": [
      0.8,
      0.8,
      3.0
    ],
    "z_integral_gain": 1.2,
    "z_integral_limit": 1.5
  },
  "controller_mode": "baseline_geometric",
  "initial_state": [
    -0.040600184351205826,
    0.025507213547825813,
    -0.01693768799304962,
    -0.01592808961868286,
    0.010136803612112999,
    -0.02492748200893402,
    0.994576283107049,
    -0.10400686486575927,
    0.000870645770926542,
    0.10400761727033503,
    0.9945762061259151,
    -0.0008687003738040854,
    -0.0007755727724635809,
    0.0009545424414308589,
    0.9999992436675729,
    -0.00038131256587803364,
    0.00018384962459094822,
    -0.0007572923204861581
  ],
  "model_artifact": "results/offline/hover_local_v1/latest/edmd_unquantized.npz",
  "quantization_mode": "none",
  "reference_duration_s": 24.0,
  "reference_mode": "sitl_identification_v5",
  "reference_sample_count": 24000,
  "reference_seed": 2141444,
  "vehicle_scaling": {
    "max_body_torque_x_nm": 1.0,
    "max_body_torque_y_nm": 1.0,
    "max_body_torque_z_nm": 0.6,
    "max_collective_thrust_newton": 62.0
  }
}