{
  "baseline": {
    "angular_rate_gains_diag": [
      0.25,
      0.25,
      0.15
    ],
    "attitude_gains_diag": [
      2.5,
      2.5,
      0.8
    ],
    "max_tilt_deg": 12.0,
    "position_gains_diag": [
      0.5,
      0.5,
      5.5
    ],
    "velocity_gains_diag": [
      0.8,
      0.8,
      3.0
    ],
    "z_integral_gain": 1.2,
    "z_integral_limit": 1.5
  },
  "controller_mode": "baseline_geometric",
  "initial_state": [
    0.005679842084646225,
    -0.030885163694620132,
    -0.07014653086662292,
    -0.005079698748886585,
    -0.01701098307967186,
    -0.04100678116083145,
    0.9948438788560995,
    -0.10141672577045191,
    -0.0004981098353477667,
    0.10141712170702344,
    0.9948436026085145,
    0.0008470244456783918,
    0.00040963892598058077,
    -0.0008931739863925967,
    0.9999995172179613,
    0.0013755806721746922,
    0.00027773293550126255,
    0.0006876970292069018
  ],
  "model_artifact": "results/offline/hover_local_v1/latest/edmd_unquantized.npz",
  "quantization_mode": "none",
  "reference_duration_s": 24.0,
  "reference_mode": "sitl_identification_v5",
  "reference_sample_count": 24000,
  "reference_seed": 2141445,
  "vehicle_scaling": {
    "max_body_torque_x_nm": 1.0,
    "max_body_torque_y_nm": 1.0,
    "max_body_torque_z_nm": 0.6,
    "max_collective_thrust_newton": 62.0
  }
}