{
  "baseline": {
    "angular_rate_gains_diag": [
      0.25,
      0.25,
      0.15
    ],
    "attitude_gains_diag": [
      2.5,
      2.5,
      0.8
    ],
    "max_tilt_deg": 12.0,
    "position_gains_diag": [
      0.5,
      0.5,
      5.5
    ],
    "velocity_gains_diag": [
      0.8,
      0.8,
      3.0
    ],
    "z_integral_gain": 1.2,
    "z_integral_limit": 1.5
  },
  "controller_mode": "baseline_geometric",
  "initial_state": [
    -0.049424707889556885,
    -0.0295719001442194,
    -0.04118642210960388,
    -0.011350848712027073,
    -0.0027483846060931683,
    0.0023640338331460953,
    0.9948591269309255,
    -0.10126883138275966,
    0.00019756128577213747,
    0.10126893773746515,
    0.9948589331196949,
    -0.0006349167913068839,
    -0.000132248350800359,
    0.0006516595485604078,
    0.9999997789250886,
    0.0002230434911325574,
    -0.00033014139626175165,
    -3.745657886611298e-05
  ],
  "model_artifact": "results/offline/hover_local_v1/latest/edmd_unquantized.npz",
  "quantization_mode": "none",
  "reference_duration_s": 24.0,
  "reference_mode": "sitl_identification_v6",
  "reference_sample_count": 24000,
  "reference_seed": 2141445,
  "vehicle_scaling": {
    "max_body_torque_x_nm": 1.0,
    "max_body_torque_y_nm": 1.0,
    "max_body_torque_z_nm": 0.6,
    "max_collective_thrust_newton": 62.0
  }
}