{
  "baseline": {
    "angular_rate_gains_diag": [
      0.25,
      0.25,
      0.15
    ],
    "attitude_gains_diag": [
      2.5,
      2.5,
      0.8
    ],
    "max_tilt_deg": 12.0,
    "position_gains_diag": [
      0.5,
      0.5,
      5.5
    ],
    "velocity_gains_diag": [
      0.8,
      0.8,
      3.0
    ],
    "z_integral_gain": 1.2,
    "z_integral_limit": 1.5
  },
  "controller_mode": "baseline_geometric",
  "initial_state": [
    0.009995938278734684,
    -0.05897725746035576,
    -0.04538474977016449,
    -0.0021708516869693995,
    -0.024829313158988953,
    -0.012001977302134037,
    0.9946704571270031,
    -0.1031064994554236,
    -7.872616455750206e-05,
    0.10310648160487057,
    0.9946704410698688,
    -0.00020450411802725842,
    9.9392254718173e-05,
    0.00019529701220981225,
    0.999999975990131,
    -0.0011728181270882487,
    0.00015783440903760493,
    -7.757557614240795e-05
  ],
  "model_artifact": "results/offline/hover_local_v1/latest/edmd_unquantized.npz",
  "quantization_mode": "none",
  "reference_duration_s": 24.0,
  "reference_mode": "sitl_identification_v7",
  "reference_sample_count": 24000,
  "reference_seed": 2141446,
  "vehicle_scaling": {
    "max_body_torque_x_nm": 1.0,
    "max_body_torque_y_nm": 1.0,
    "max_body_torque_z_nm": 0.6,
    "max_collective_thrust_newton": 62.0
  }
}