{
  "baseline": {
    "angular_rate_gains_diag": [
      0.25,
      0.25,
      0.15
    ],
    "attitude_gains_diag": [
      2.5,
      2.5,
      0.8
    ],
    "max_tilt_deg": 12.0,
    "position_gains_diag": [
      0.5,
      0.5,
      5.5
    ],
    "velocity_gains_diag": [
      0.8,
      0.8,
      3.0
    ],
    "z_integral_gain": 1.2,
    "z_integral_limit": 1.5
  },
  "controller_mode": "baseline_geometric",
  "initial_state": [
    -0.02062593400478363,
    0.00037123251240700483,
    0.013560906052589417,
    0.0031388113275170326,
    0.008359601721167564,
    0.03060031123459339,
    0.9945467403364469,
    -0.10428952942777281,
    0.0007831024595629649,
    0.10428907791586584,
    0.9945469168483348,
    0.000596930861690265,
    -0.0008410856856063877,
    -0.0005120066262070053,
    0.9999995152119548,
    -0.00016973189485725015,
    0.0002856364590115845,
    -0.0003109084500465542
  ],
  "model_artifact": "results/offline/hover_local_v1/latest/edmd_unquantized.npz",
  "quantization_mode": "none",
  "reference_duration_s": 24.0,
  "reference_mode": "sitl_identification_v4",
  "reference_sample_count": 24000,
  "reference_seed": 2141447,
  "vehicle_scaling": {
    "max_body_torque_x_nm": 1.0,
    "max_body_torque_y_nm": 1.0,
    "max_body_torque_z_nm": 0.6,
    "max_collective_thrust_newton": 62.0
  }
}