{
  "baseline": {
    "angular_rate_gains_diag": [
      0.25,
      0.25,
      0.15
    ],
    "attitude_gains_diag": [
      2.5,
      2.5,
      0.8
    ],
    "max_tilt_deg": 12.0,
    "position_gains_diag": [
      0.5,
      0.5,
      5.5
    ],
    "velocity_gains_diag": [
      0.8,
      0.8,
      3.0
    ],
    "z_integral_gain": 1.2,
    "z_integral_limit": 1.5
  },
  "controller_mode": "baseline_geometric",
  "initial_state": [
    -0.02253114990890026,
    0.006743633188307285,
    0.013137593865394592,
    -0.0046959491446614265,
    -0.004256140440702438,
    0.006838134955614805,
    0.994567485158576,
    -0.10409455592490957,
    0.00010746576579964782,
    0.10409458146086004,
    0.9945674520855836,
    -0.0002683639913672979,
    -7.894673700900925e-05,
    0.00027809267411624174,
    0.999999958215941,
    -0.00041055824840441346,
    0.0007957529742270708,
    0.0005748014082200825
  ],
  "model_artifact": "results/offline/hover_local_v1/latest/edmd_unquantized.npz",
  "quantization_mode": "none",
  "reference_duration_s": 24.0,
  "reference_mode": "sitl_identification_v1",
  "reference_sample_count": 24000,
  "reference_seed": 2141445,
  "vehicle_scaling": {
    "max_body_torque_x_nm": 1.0,
    "max_body_torque_y_nm": 1.0,
    "max_body_torque_z_nm": 0.6,
    "max_collective_thrust_newton": 62.0
  }
}