{
  "baseline": {
    "angular_rate_gains_diag": [
      0.25,
      0.25,
      0.15
    ],
    "attitude_gains_diag": [
      2.5,
      2.5,
      0.8
    ],
    "max_tilt_deg": 12.0,
    "position_gains_diag": [
      0.5,
      0.5,
      5.5
    ],
    "velocity_gains_diag": [
      0.8,
      0.8,
      3.0
    ],
    "z_integral_gain": 1.2,
    "z_integral_limit": 1.5
  },
  "controller_mode": "edmd_mpc",
  "initial_state": [
    0.031794995069503784,
    0.0159764401614666,
    0.011903628706932068,
    0.0186841432005167,
    -0.0008966372697614133,
    -0.009690585546195507,
    0.9945836005135624,
    -0.10393949406445957,
    0.00013953630630941447,
    0.10393932547461282,
    0.9945832105356964,
    0.0009111792747158627,
    -0.0002334879926149079,
    -0.0008917406622751152,
    0.9999995751408794,
    -8.601445006206632e-05,
    -3.300768730696291e-05,
    0.0001231527712661773
  ],
  "model_artifact": "results/offline/sitl_baseline_v1/latest/edmd_unquantized.npz",
  "quantization_mode": "none",
  "reference_duration_s": 10.0,
  "reference_mode": "takeoff_hold",
  "reference_sample_count": 10000,
  "reference_seed": 2141444,
  "vehicle_scaling": {
    "max_body_torque_x_nm": 1.0,
    "max_body_torque_y_nm": 1.0,
    "max_body_torque_z_nm": 0.6,
    "max_collective_thrust_newton": 62.0
  }
}