{
  "artifact_eval_rmse": {
    "dx": 0.027649949767377256,
    "theta": 0.029165677890289305,
    "wb": 0.07194668566081679,
    "x": 0.0045805684288775725
  },
  "artifact_path": "/home/soarbuckiadm/Desktop/QuantizedQuadrotorMPC-main/SITL/results/offline/sitl_baseline_v1/20260402T013459Z_sitl_id_v7_hovercentered_affine_rotated/edmd_unquantized.npz",
  "cost_state_mode": "decoded24_raw",
  "divergence_time_s": 8.080081583,
  "dominant_error_group": "dx",
  "early_window_rmse": {
    "dx": 0.17864019838145564,
    "theta": 0.08668071456262255,
    "wb": 0.36421483379166536,
    "x": 0.006486137778596083
  },
  "early_window_rmse_ratio": {
    "dx": 6.460778405905965,
    "theta": 2.972010967435214,
    "wb": 5.062287865610772,
    "x": 1.41601154514036
  },
  "early_window_s": 2.0,
  "log_path": "/home/soarbuckiadm/Desktop/QuantizedQuadrotorMPC-main/SITL/results/sitl/4-3-26_1910/runtime_log.csv",
  "post_4s_internal_bound_fraction": {
    "u0": 0.7250859106529209,
    "u1": 0.1134020618556701,
    "u2": 0.1718213058419244,
    "u3": 0.058419243986254296
  },
  "pre_divergence_internal_bound_fraction": {
    "u0": 0.5572519083969466,
    "u1": 0.015267175572519083,
    "u2": 0.04834605597964377,
    "u3": 0.0
  },
  "replay_horizon_steps": 10,
  "residual_enabled": true,
  "run_name": "4-3-26_1910",
  "selected_branch": "Branch A",
  "thresholds": {
    "bound_activity_margin_fraction": 0.05,
    "branch_a_state_ratio": 4.0,
    "branch_a_theta_ratio": 3.0,
    "branch_a_wb_ratio": 3.0,
    "branch_b_bound_fraction": 0.1,
    "branch_b_divergence_time_s": 4.0,
    "post_4s_internal_bound_fraction_max": 0.15
  }
}