{
  "active_axis_thresholds_nm": {
    "u1": 0.05,
    "u2": 0.05,
    "u3": 0.03
  },
  "active_overlap_fraction_by_axis": {
    "u1": 0.9483870967741935,
    "u2": 0.9620253164556962,
    "u3": 0.9337748344370861
  },
  "active_sample_count_by_axis": {
    "u1": 155,
    "u2": 158,
    "u3": 151
  },
  "active_sign_match_fraction_by_axis": {
    "u1": 0.7414965986394558,
    "u2": 0.5328947368421053,
    "u3": 0.6950354609929078
  },
  "anchor_intervention_fraction_by_axis": {
    "u1": 0.22580645161290322,
    "u2": 0.055299539170506916,
    "u3": 0.2534562211981567
  },
  "anchor_mapping_status": "learned-controller/runtime issue",
  "anchor_sign_flip_count_by_axis": {
    "u1": 1,
    "u2": 3,
    "u3": 5
  },
  "artifact_path": "/home/soarbuckiadm/Desktop/QuantizedQuadrotorMPC-main/SITL/results/offline/sitl_baseline_v1/20260402T013459Z_sitl_id_v7_hovercentered_affine_rotated/edmd_unquantized.npz",
  "cost_state_mode": "decoded24_raw",
  "divergence_time_s": 3.800817974,
  "dominant_mismatch_axis": "u3",
  "first_anchor_intervention_time_s_by_axis": {
    "u1": 2.281290005,
    "u2": 2.139747032,
    "u3": 2.730059713
  },
  "first_bound_hit_time_s_by_axis": {
    "u0": 0.889269449,
    "u1": 3.235572557,
    "u2": 2.967438232,
    "u3": 3.302555549
  },
  "first_sign_mismatch_time_s_by_axis": {
    "u1": 3.737630987,
    "u2": 2.82696633,
    "u3": 3.302555549
  },
  "log_path": "/home/soarbuckiadm/Desktop/QuantizedQuadrotorMPC-main/SITL/results/sitl/4-3-26_1850_04/runtime_log.csv",
  "mapping_status": "mapping/sign bug",
  "mean_magnitude_ratio_by_axis": {
    "u1": 0.319632682945707,
    "u2": 0.42486365148359795,
    "u3": 0.44836908346351495
  },
  "metadata_path": "/home/soarbuckiadm/Desktop/QuantizedQuadrotorMPC-main/SITL/results/sitl/4-3-26_1850_04/run_metadata.json",
  "overlap_sample_count_by_axis": {
    "u1": 147,
    "u2": 152,
    "u3": 141
  },
  "pre_divergence_active_overlap_fraction_by_axis": {
    "u1": 0.6666666666666666,
    "u2": 0.7931034482758621,
    "u3": 0.5
  },
  "pre_divergence_active_sample_count_by_axis": {
    "u1": 24,
    "u2": 29,
    "u3": 20
  },
  "pre_divergence_mean_magnitude_ratio_by_axis": {
    "u1": 0.3560678369159516,
    "u2": 0.4277902545293786,
    "u3": 0.5846058141708148
  },
  "pre_divergence_overlap_sample_count_by_axis": {
    "u1": 16,
    "u2": 23,
    "u3": 10
  },
  "pre_divergence_sign_match_fraction_by_axis": {
    "u1": 0.875,
    "u2": 0.8695652173913043,
    "u3": 0.5
  },
  "raw_active_sign_match_fraction_by_axis": {
    "u1": 0.5684931506849316,
    "u2": 0.52,
    "u3": 0.4748201438848921
  },
  "raw_dominant_mismatch_axis": "u3",
  "raw_first_sign_mismatch_time_s_by_axis": {
    "u1": 3.737630987,
    "u2": 2.82696633,
    "u3": 3.302555549
  },
  "raw_mean_magnitude_ratio_by_axis": {
    "u1": 0.29864083617001297,
    "u2": 0.4117020481234984,
    "u3": 0.42713627900949513
  },
  "raw_pre_divergence_mean_magnitude_ratio_by_axis": {
    "u1": 0.2918747188803457,
    "u2": 0.35608220863642276,
    "u3": 0.4813241552518896
  },
  "raw_pre_divergence_sign_match_fraction_by_axis": {
    "u1": 0.8666666666666667,
    "u2": 0.8095238095238095,
    "u3": 0.125
  },
  "run_name": "4-3-26_1850_04",
  "u2_first_raw_mismatch_snapshot": {
    "baseline_u2": 0.06742607318677249,
    "experiment_time_s": 2.82696633,
    "lateral_position_residual_norm": 0.06828396757152949,
    "lateral_position_residual_xy": [
      -0.05366474390029907,
      0.042223162949085236
    ],
    "lateral_velocity_residual_norm": 0.19075172507814186,
    "lateral_velocity_residual_xy": [
      0.18940617144107819,
      -0.02261687070131302
    ],
    "raw_magnitude_ratio": 0.9379023267020116,
    "raw_sign_match": false,
    "raw_u2": -0.06323907092225403,
    "used_magnitude_ratio": 0.9379023267020116,
    "used_sign_match": false,
    "used_u2": -0.06323907092225403
  },
  "u2_first_raw_mismatch_time_s": 2.82696633,
  "u2_first_used_mismatch_snapshot": {
    "baseline_u2": 0.06742607318677249,
    "experiment_time_s": 2.82696633,
    "lateral_position_residual_norm": 0.06828396757152949,
    "lateral_position_residual_xy": [
      -0.05366474390029907,
      0.042223162949085236
    ],
    "lateral_velocity_residual_norm": 0.19075172507814186,
    "lateral_velocity_residual_xy": [
      0.18940617144107819,
      -0.02261687070131302
    ],
    "raw_magnitude_ratio": 0.9379023267020116,
    "raw_sign_match": false,
    "raw_u2": -0.06323907092225403,
    "used_magnitude_ratio": 0.9379023267020116,
    "used_sign_match": false,
    "used_u2": -0.06323907092225403
  },
  "u2_first_used_mismatch_time_s": 2.82696633,
  "u2_late_window_mean_baseline_control": 0.32109119160617977,
  "u2_late_window_mean_lateral_position_residual_norm": 19.163692368226137,
  "u2_late_window_mean_lateral_position_residual_xy": [
    12.30247883417684,
    -14.605035121026246
  ],
  "u2_late_window_mean_lateral_velocity_residual_norm": 3.8894961506855847,
  "u2_late_window_mean_lateral_velocity_residual_xy": [
    0.2578961444289788,
    -3.564570604459099
  ],
  "u2_late_window_mean_raw_control": 0.07222285285059932,
  "u2_late_window_mean_raw_magnitude_ratio": 0.42030516092536063,
  "u2_late_window_mean_raw_sign_match": 0.45652173913043476,
  "u2_late_window_mean_used_control": 0.07222285285059932,
  "u2_late_window_mean_used_magnitude_ratio": 0.42030516092536063,
  "u2_late_window_mean_used_sign_match": 0.45652173913043476,
  "u2_late_window_start_s": 7.981977403,
  "used_active_sign_match_fraction_by_axis": {
    "u1": 0.7414965986394558,
    "u2": 0.5328947368421053,
    "u3": 0.6950354609929078
  },
  "used_dominant_mismatch_axis": "u3",
  "used_first_sign_mismatch_time_s_by_axis": {
    "u1": 3.737630987,
    "u2": 2.82696633,
    "u3": 3.302555549
  },
  "used_mean_magnitude_ratio_by_axis": {
    "u1": 0.319632682945707,
    "u2": 0.42486365148359795,
    "u3": 0.44836908346351495
  },
  "used_pre_divergence_mean_magnitude_ratio_by_axis": {
    "u1": 0.3560678369159516,
    "u2": 0.4277902545293786,
    "u3": 0.5846058141708148
  },
  "used_pre_divergence_sign_match_fraction_by_axis": {
    "u1": 0.875,
    "u2": 0.8695652173913043,
    "u3": 0.5
  }
}