{
  "baseline": {
    "angular_rate_gains_diag": [
      0.25,
      0.25,
      0.15
    ],
    "attitude_gains_diag": [
      2.5,
      2.5,
      0.8
    ],
    "max_tilt_deg": 12.0,
    "position_gains_diag": [
      0.5,
      0.5,
      5.5
    ],
    "velocity_gains_diag": [
      0.8,
      0.8,
      3.0
    ],
    "z_integral_gain": 1.2,
    "z_integral_limit": 1.5
  },
  "controller_mode": "baseline_geometric",
  "initial_state": [
    0.003045808058232069,
    0.0019735959358513355,
    0.03436318039894104,
    0.00964350812137127,
    0.007331984583288431,
    0.020225077867507935,
    0.994428952839911,
    -0.10540744330433527,
    -0.0006540391704729347,
    0.10540759827159918,
    0.9944291299348579,
    0.000207077530567654,
    0.0006285680712771174,
    -0.00027486454836862274,
    0.9999997646758128,
    0.0004335104604251683,
    -0.0005941811832599342,
    -0.0003082742332480848
  ],
  "model_artifact": "results/offline/hover_local_v1/latest/edmd_unquantized.npz",
  "quantization_mode": "none",
  "reference_duration_s": 24.0,
  "reference_mode": "sitl_identification_v5",
  "reference_sample_count": 24000,
  "reference_seed": 2141446,
  "vehicle_scaling": {
    "max_body_torque_x_nm": 1.0,
    "max_body_torque_y_nm": 1.0,
    "max_body_torque_z_nm": 0.6,
    "max_collective_thrust_newton": 62.0
  }
}