{
  "baseline": {
    "angular_rate_gains_diag": [
      0.25,
      0.25,
      0.15
    ],
    "attitude_gains_diag": [
      2.5,
      2.5,
      0.8
    ],
    "max_tilt_deg": 12.0,
    "position_gains_diag": [
      0.5,
      0.5,
      5.5
    ],
    "velocity_gains_diag": [
      0.8,
      0.8,
      3.0
    ],
    "z_integral_gain": 1.2,
    "z_integral_limit": 1.5
  },
  "controller_mode": "baseline_geometric",
  "initial_state": [
    0.02645079232752323,
    0.04747840017080307,
    -0.044180840253829956,
    0.0076131816022098064,
    -0.00345051777549088,
    -0.0266288910061121,
    0.9945583146662116,
    -0.10418049507793925,
    0.000499297395517473,
    0.10418011733690413,
    0.9945582110622511,
    0.0007308108990400786,
    -0.0005727165267131306,
    -0.0006748171895824438,
    0.9999996083087054,
    -0.0001709605858195573,
    0.00025187930441461504,
    0.0002740186464507133
  ],
  "model_artifact": "results/offline/hover_local_v1/latest/edmd_unquantized.npz",
  "quantization_mode": "none",
  "reference_duration_s": 24.0,
  "reference_mode": "sitl_identification_v6",
  "reference_sample_count": 24000,
  "reference_seed": 2141444,
  "vehicle_scaling": {
    "max_body_torque_x_nm": 1.0,
    "max_body_torque_y_nm": 1.0,
    "max_body_torque_z_nm": 0.6,
    "max_collective_thrust_newton": 62.0
  }
}