{
  "control_source": "used",
  "eval_diagnostics": [
    {
      "collective_below_1n_fraction": 0.0,
      "control_0_max": 62.0,
      "control_0_mean": 51.179177490830796,
      "control_0_min": 42.52658374237299,
      "control_0_near_limit_fraction": 0.03373594335693461,
      "control_0_std": 4.501705742488603,
      "control_1_max": 0.1019299122616599,
      "control_1_mean": -0.00020923746748576405,
      "control_1_min": -0.09280979484790039,
      "control_1_near_limit_fraction": 0.0,
      "control_1_std": 0.025110850152636196,
      "control_2_max": 0.054876136099769254,
      "control_2_mean": -0.0007428605396304667,
      "control_2_min": -0.08055823768188021,
      "control_2_near_limit_fraction": 0.0,
      "control_2_std": 0.013347634689034708,
      "control_3_max": 0.6,
      "control_3_mean": 6.699991137425597e-05,
      "control_3_min": -0.48261948369430474,
      "control_3_near_limit_fraction": 0.0020824656393169513,
      "control_3_std": 0.16068484655387963,
      "pairs": 2400.0,
      "run_name": "3-31-26_1120_7",
      "samples": 2401.0,
      "solver_ms_mean": 0.4181125476968222,
      "solver_ms_std": 0.09949035946299935,
      "state_x_max": 0.09786426275968552,
      "state_x_min": -0.2042096108198166,
      "state_x_range": 0.3020738735795021,
      "state_y_max": 0.20410093665122986,
      "state_y_min": -0.046301014721393585,
      "state_y_range": 0.25040195137262344,
      "state_z_max": 0.8270925283432007,
      "state_z_min": -0.0075157880783081055,
      "state_z_range": 0.8346083164215088,
      "tick_dt_ms_mean": 9.995760191170346,
      "tick_dt_ms_std": 0.22721147790634286
    },
    {
      "collective_below_1n_fraction": 0.0,
      "control_0_max": 54.03439194498842,
      "control_0_mean": 49.19208387378117,
      "control_0_min": 41.72145160075787,
      "control_0_near_limit_fraction": 0.0,
      "control_0_std": 2.694635188128747,
      "control_1_max": 0.01994290464933944,
      "control_1_mean": 0.0007449462826637178,
      "control_1_min": -0.020750610697992326,
      "control_1_near_limit_fraction": 0.0,
      "control_1_std": 0.005189661315581276,
      "control_2_max": 0.19163018029365408,
      "control_2_mean": 0.0006596692921540083,
      "control_2_min": -0.13812052284269744,
      "control_2_near_limit_fraction": 0.0,
      "control_2_std": 0.028689964630959568,
      "control_3_max": 0.030394837335624397,
      "control_3_mean": 8.165966483712422e-06,
      "control_3_min": -0.02995557765107363,
      "control_3_near_limit_fraction": 0.0,
      "control_3_std": 0.008457901953436587,
      "pairs": 2400.0,
      "run_name": "3-31-26_1540_7",
      "samples": 2401.0,
      "solver_ms_mean": 0.3766535235381627,
      "solver_ms_std": 0.08568447576350403,
      "state_x_max": 0.37144604325294495,
      "state_x_min": -0.22006478905677795,
      "state_x_range": 0.5915108323097229,
      "state_y_max": 0.03431466221809387,
      "state_y_min": -0.0676480382680893,
      "state_y_range": 0.10196270048618317,
      "state_z_max": 0.785210132598877,
      "state_z_min": -0.058655545115470886,
      "state_z_range": 0.8438656777143478,
      "tick_dt_ms_mean": 9.995782517284466,
      "tick_dt_ms_std": 0.21887456770559746
    }
  ],
  "eval_runs": [
    "/home/soarbuckiadm/Desktop/QuantizedQuadrotorMPC-main/SITL/results/sitl/3-31-26_1120_7/runtime_log.csv",
    "/home/soarbuckiadm/Desktop/QuantizedQuadrotorMPC-main/SITL/results/sitl/3-31-26_1540_7/runtime_log.csv"
  ],
  "excitation_thresholds": {
    "body_moment_std_min_nm": [
      0.02,
      0.02,
      0.01
    ],
    "collective_below_1n_fraction_max": 0.25,
    "collective_std_min_newton": 1.0,
    "state_xy_range_min_m": 0.1,
    "state_z_range_min_m": 0.3
  },
  "n_basis": 3,
  "notes": [
    "This path fits EDMD from actual SITL runtime logs rather than the simplified SRB training simulator.",
    "The existing paper/offline parity paths are intentionally left untouched.",
    "Audit finding: the current random offline generator uses one constant control per trajectory, while the manuscript text describes random controls applied at each time step."
  ],
  "profile_name": "sitl_baseline_v1",
  "state_source": "raw",
  "train_diagnostics": [
    {
      "collective_below_1n_fraction": 0.0,
      "control_0_max": 60.98524453077903,
      "control_0_mean": 51.18153033923185,
      "control_0_min": 41.91834495527382,
      "control_0_near_limit_fraction": 0.006247396917950854,
      "control_0_std": 4.981931932773345,
      "control_1_max": 0.1039798390636805,
      "control_1_mean": -0.00023560693711291217,
      "control_1_min": -0.11114841344090345,
      "control_1_near_limit_fraction": 0.0,
      "control_1_std": 0.024179655496431356,
      "control_2_max": 0.04833622569132699,
      "control_2_mean": -0.00027590046634778107,
      "control_2_min": -0.049810273093737145,
      "control_2_near_limit_fraction": 0.0,
      "control_2_std": 0.013255319747217631,
      "control_3_max": 0.6,
      "control_3_mean": 0.012863544225161783,
      "control_3_min": -0.6,
      "control_3_near_limit_fraction": 0.07080383173677635,
      "control_3_std": 0.22148481211460988,
      "pairs": 2400.0,
      "run_name": "3-31-26_1120_4",
      "samples": 2401.0,
      "solver_ms_mean": 0.38342819700686875,
      "solver_ms_std": 0.09027600329974285,
      "state_x_max": 0.1349535584449768,
      "state_x_min": -0.05329826474189758,
      "state_x_range": 0.1882518231868744,
      "state_y_max": 0.11165063083171844,
      "state_y_min": -0.1363842785358429,
      "state_y_range": 0.24803490936756134,
      "state_z_max": 0.840546727180481,
      "state_z_min": -0.013977378606796265,
      "state_z_range": 0.8545241057872772,
      "tick_dt_ms_mean": 9.995812471886714,
      "tick_dt_ms_std": 0.22640901402930294
    },
    {
      "collective_below_1n_fraction": 0.0,
      "control_0_max": 62.0,
      "control_0_mean": 52.155838077139414,
      "control_0_min": 42.832393397184475,
      "control_0_near_limit_fraction": 0.030416666666666668,
      "control_0_std": 4.936674123834966,
      "control_1_max": 0.08227629759328788,
      "control_1_mean": -0.0008576421594206671,
      "control_1_min": -0.07408479963461487,
      "control_1_near_limit_fraction": 0.0,
      "control_1_std": 0.024206288225515276,
      "control_2_max": 0.05759905466199215,
      "control_2_mean": 0.0004112103840418435,
      "control_2_min": -0.0921036380256049,
      "control_2_near_limit_fraction": 0.0,
      "control_2_std": 0.015593457195877127,
      "control_3_max": 0.6,
      "control_3_mean": 0.0007237317327608098,
      "control_3_min": -0.6,
      "control_3_near_limit_fraction": 0.1225,
      "control_3_std": 0.28070534079058196,
      "pairs": 2399.0,
      "run_name": "3-31-26_1120_5",
      "samples": 2400.0,
      "solver_ms_mean": 0.41372120459679235,
      "solver_ms_std": 0.10132156408317965,
      "state_x_max": 0.13512584567070007,
      "state_x_min": -0.11343171447515488,
      "state_x_range": 0.24855756014585495,
      "state_y_max": 0.12214647233486176,
      "state_y_min": -0.17901836335659027,
      "state_y_range": 0.301164835691452,
      "state_z_max": 0.818968653678894,
      "state_z_min": -0.010578885674476624,
      "state_z_range": 0.8295475393533707,
      "tick_dt_ms_mean": 9.995869693333335,
      "tick_dt_ms_std": 0.22552500085414057
    },
    {
      "collective_below_1n_fraction": 0.0,
      "control_0_max": 62.0,
      "control_0_mean": 51.37463386006212,
      "control_0_min": 41.43275264633128,
      "control_0_near_limit_fraction": 0.017083333333333332,
      "control_0_std": 5.213371686892482,
      "control_1_max": 0.13565392677524504,
      "control_1_mean": 0.0008217726462730206,
      "control_1_min": -0.08332423449406887,
      "control_1_near_limit_fraction": 0.0,
      "control_1_std": 0.023897898863470067,
      "control_2_max": 0.0430293292269054,
      "control_2_mean": -0.00046403700449313735,