{
  "artifact_eval_rmse": {
    "dx": 0.027649949767377256,
    "theta": 0.029165677890289305,
    "wb": 0.07194668566081679,
    "x": 0.0045805684288775725
  },
  "artifact_path": "/home/soarbuckiadm/Desktop/QuantizedQuadrotorMPC-main/SITL/results/offline/sitl_baseline_v1/20260402T013459Z_sitl_id_v7_hovercentered_affine_rotated/edmd_unquantized.npz",
  "cost_state_mode": "decoded24_raw",
  "divergence_time_s": 5.160711232,
  "dominant_error_group": "dx",
  "early_window_rmse": {
    "dx": 0.17743306462676983,
    "theta": 0.09059414094851406,
    "wb": 0.412048261639949,
    "x": 0.008823435305408233
  },
  "early_window_rmse_ratio": {
    "dx": 6.417120686277482,
    "theta": 3.1061901351751993,
    "wb": 5.7271333329028735,
    "x": 1.926275186673794
  },
  "early_window_s": 2.0,
  "log_path": "/home/soarbuckiadm/Desktop/QuantizedQuadrotorMPC-main/SITL/results/sitl/4-3-26_1950_02/runtime_log.csv",
  "post_4s_internal_bound_fraction": {
    "u0": 0.9807692307692307,
    "u1": 0.8346153846153846,
    "u2": 0.8923076923076924,
    "u3": 0.7153846153846154
  },
  "pre_divergence_internal_bound_fraction": {
    "u0": 0.5414847161572053,
    "u1": 0.056768558951965066,
    "u2": 0.09606986899563319,
    "u3": 0.021834061135371178
  },
  "replay_horizon_steps": 10,
  "residual_enabled": true,
  "run_name": "4-3-26_1950_02",
  "selected_branch": "Branch A",
  "thresholds": {
    "bound_activity_margin_fraction": 0.05,
    "branch_a_state_ratio": 4.0,
    "branch_a_theta_ratio": 3.0,
    "branch_a_wb_ratio": 3.0,
    "branch_b_bound_fraction": 0.1,
    "branch_b_divergence_time_s": 4.0,
    "post_4s_internal_bound_fraction_max": 0.15
  }
}