{
  "baseline": {
    "angular_rate_gains_diag": [
      0.25,
      0.25,
      0.15
    ],
    "attitude_gains_diag": [
      2.5,
      2.5,
      0.8
    ],
    "max_tilt_deg": 12.0,
    "position_gains_diag": [
      0.5,
      0.5,
      5.5
    ],
    "velocity_gains_diag": [
      0.8,
      0.8,
      3.0
    ],
    "z_integral_gain": 1.2,
    "z_integral_limit": 1.5
  },
  "control_coordinates": {
    "internal_lower_bounds": [
      -1.5839845941554431,
      -6.581270639031765,
      -5.57118145686651,
      -4.897968728054129
    ],
    "internal_upper_bounds": [
      2.546896039908543,
      4.768207215081668,
      7.697251533911743,
      2.272303113461208
    ],
    "learned_bound_margin_fraction": 0.1,
    "normalized": true,
    "physical_lower_bounds": [
      44.00194491961068,
      -0.24961112285382803,
      -0.28819198614088853,
      -0.3011331793362307
    ],
    "physical_upper_bounds": [
      60.00021610217897,
      0.18108705979267703,
      0.39902389970645796,
      0.1354205403932572
    ],
    "scale": [
      3.8728476080000136,
      0.037948722239270725,
      0.05179329664060339,
      0.06088384504501971
    ],
    "trim": [
      50.13647586619446,
      0.0001396886082562038,
      0.0003578676932276212,
      -0.0029260102620308095
    ]
  },
  "controller_mode": "edmd_mpc",
  "initial_state": [
    -0.010809190571308136,
    -0.021842053160071373,
    -0.02115863561630249,
    -0.002961290068924427,
    0.014779357239603996,
    -0.005473566707223654,
    0.9946498091533478,
    -0.10330156380103417,
    0.0007561632428424586,
    0.1033025218264303,
    0.9946490647471613,
    -0.0013618727185604335,
    -0.0006114334901898416,
    0.0014326999820128,
    0.9999987867592036,
    0.00022685033036395907,
    -0.0008553387015126646,
    0.0003185691894032061
  ],
  "learned_bound_margin_fraction": 0.1,
  "model_affine_enabled": true,
  "model_artifact": "results/offline/sitl_baseline_v1/20260401T234823Z_sitl_id_v7_hovercentered_affine/edmd_unquantized.npz",
  "model_residual_enabled": true,
  "quantization_mode": "none",
  "reference_duration_s": 10.0,
  "reference_mode": "takeoff_hold",
  "reference_sample_count": 10000,
  "reference_seed": 2141444,
  "state_coordinates": {
    "artifact_state_trim": [
      0.0029066824354231358,
      -0.01793980474273364,
      0.7396420836448669,
      0.0,
      0.0,
      0.0,
      0.9946071754312388,
      -0.10371135689206379,
      0.0003320963398231889,
      0.10371113832108374,
      0.9946071231824738,
      0.00018871318226264226,
      -0.00035023668474569593,
      -0.0001530444388091615,
      0.9999997329733686,
      0.0,
      0.0,
      0.0
    ],
    "residual_enabled": true,
    "runtime_state_trim": [
      -0.010809190571308136,
      -0.021842053160071373,
      0.7288413643836975,
      0.0,
      0.0,
      0.0,
      0.9946498091533478,
      -0.10330156380103417,
      0.0007561632428424586,
      0.1033025218264303,
      0.9946490647471613,
      -0.0013618727185604335,
      -0.0006114334901898416,
      0.0014326999820128,
      0.9999987867592036,
      0.0,
      0.0,
      0.0
    ],
    "state_coordinates": "takeoff_hold_hover_local",
    "state_trim_mode": "per_run_takeoff_hold_final"
  },
  "vehicle_scaling": {
    "max_body_torque_x_nm": 1.0,
    "max_body_torque_y_nm": 1.0,
    "max_body_torque_z_nm": 0.6,
    "max_collective_thrust_newton": 62.0
  }
}