{
  "control_source": "used",
  "eval_diagnostics": [
    {
      "collective_below_1n_fraction": 0.0,
      "control_0_max": 61.55217083534884,
      "control_0_mean": 49.94235955549347,
      "control_0_min": 42.58904422320846,
      "control_0_near_limit_fraction": 0.003331945022907122,
      "control_0_std": 3.320897472726932,
      "control_1_max": 0.1646262873219339,
      "control_1_mean": -0.0005004488423416243,
      "control_1_min": -0.20864127941273594,
      "control_1_near_limit_fraction": 0.0,
      "control_1_std": 0.03391768793839141,
      "control_2_max": 0.40212106370553136,
      "control_2_mean": 0.0005748166451190613,
      "control_2_min": -0.3156188262308142,
      "control_2_near_limit_fraction": 0.0,
      "control_2_std": 0.04666062521997486,
      "control_3_max": 0.1816861388038137,
      "control_3_mean": -0.003401901815274861,
      "control_3_min": -0.36238831688959006,
      "control_3_near_limit_fraction": 0.0,
      "control_3_std": 0.0618001625550361,
      "pairs": 2400.0,
      "run_name": "4-1-26_1520_1447",
      "samples": 2401.0,
      "solver_ms_mean": 0.3715164664895324,
      "solver_ms_std": 0.08660295513500656,
      "state_x_max": 0.30314186215400696,
      "state_x_min": -0.27827784419059753,
      "state_x_range": 0.5814197063446045,
      "state_y_max": 0.11474113166332245,
      "state_y_min": -0.10681068897247314,
      "state_y_range": 0.2215518206357956,
      "state_z_max": 0.7746316194534302,
      "state_z_min": -0.04780103266239166,
      "state_z_range": 0.8224326521158218,
      "tick_dt_ms_mean": 9.995817405664306,
      "tick_dt_ms_std": 0.223068883733281
    }
  ],
  "eval_runs": [
    "/home/soarbuckiadm/Desktop/QuantizedQuadrotorMPC-main/SITL/results/sitl/4-1-26_1520_1447/runtime_log.csv"
  ],
  "excitation_thresholds": {
    "body_moment_std_min_nm": [
      0.02,
      0.02,
      0.01
    ],
    "collective_below_1n_fraction_max": 0.25,
    "collective_std_min_newton": 1.0,
    "state_xy_range_min_m": 0.1,
    "state_z_range_min_m": 0.3
  },
  "n_basis": 3,
  "notes": [
    "This path fits EDMD from actual SITL runtime logs rather than the simplified SRB training simulator.",
    "The existing paper/offline parity paths are intentionally left untouched.",
    "Audit finding: the current random offline generator uses one constant control per trajectory, while the manuscript text describes random controls applied at each time step."
  ],
  "profile_name": "sitl_baseline_v1",
  "state_source": "raw",
  "train_diagnostics": [
    {
      "collective_below_1n_fraction": 0.0,
      "control_0_max": 62.0,
      "control_0_mean": 50.24797168694016,
      "control_0_min": 42.44714341942712,
      "control_0_near_limit_fraction": 0.027072053311120368,
      "control_0_std": 4.069487000206128,
      "control_1_max": 0.1898336551261413,
      "control_1_mean": 0.00019667118413004678,
      "control_1_min": -0.27977249839742147,
      "control_1_near_limit_fraction": 0.0,
      "control_1_std": 0.03907876231467506,
      "control_2_max": 0.4774159974890783,
      "control_2_mean": 0.0006080372334808221,
      "control_2_min": -0.34678999791698656,
      "control_2_near_limit_fraction": 0.0,
      "control_2_std": 0.05454709943394518,
      "control_3_max": 0.1899897553594432,
      "control_3_mean": -0.002839955675354567,
      "control_3_min": -0.3557023943024167,
      "control_3_near_limit_fraction": 0.0,
      "control_3_std": 0.06142791170384615,
      "pairs": 2400.0,
      "run_name": "4-1-26_1520_1444",
      "samples": 2401.0,
      "solver_ms_mean": 0.3768223148605729,
      "solver_ms_std": 0.10159013583835408,
      "state_x_max": 0.31147176027297974,
      "state_x_min": -0.21380314230918884,
      "state_x_range": 0.5252749025821686,
      "state_y_max": 0.08548564463853836,
      "state_y_min": -0.16398197412490845,
      "state_y_range": 0.2494676187634468,
      "state_z_max": 0.8075332045555115,
      "state_z_min": -0.009027451276779175,
      "state_z_range": 0.8165606558322906,
      "tick_dt_ms_mean": 9.99582532236568,
      "tick_dt_ms_std": 0.2376883813775232
    },
    {
      "collective_below_1n_fraction": 0.0,
      "control_0_max": 60.315813819311394,
      "control_0_mean": 49.979080674434265,
      "control_0_min": 42.804116001509996,
      "control_0_near_limit_fraction": 0.0,
      "control_0_std": 3.1853341202951597,
      "control_1_max": 0.17095044050442826,
      "control_1_mean": -0.0008342517946819316,
      "control_1_min": -0.22811566245935766,
      "control_1_near_limit_fraction": 0.0,
      "control_1_std": 0.0344554117970651,
      "control_2_max": 0.4049897921625565,
      "control_2_mean": 0.0001655286629550599,
      "control_2_min": -0.32612506431336186,
      "control_2_near_limit_fraction": 0.0,
      "control_2_std": 0.046432118180485274,
      "control_3_max": 0.18380188956592058,
      "control_3_mean": -0.0031505640994474275,
      "control_3_min": -0.35148684521076873,
      "control_3_near_limit_fraction": 0.0,
      "control_3_std": 0.06047428615528146,
      "pairs": 2399.0,
      "run_name": "4-1-26_1520_1445",
      "samples": 2400.0,
      "solver_ms_mean": 0.3804748929057193,
      "solver_ms_std": 0.08942299353288209,
      "state_x_max": 0.36700639128685,
      "state_x_min": -0.1978079080581665,
      "state_x_range": 0.5648142993450165,
      "state_y_max": 0.14711493253707886,
      "state_y_min": -0.13177768886089325,
      "state_y_range": 0.2788926213979721,
      "state_z_max": 0.8059062361717224,
      "state_z_min": -0.02796401083469391,
      "state_z_range": 0.8338702470064163,
      "tick_dt_ms_mean": 9.995832352916668,
      "tick_dt_ms_std": 0.22093618260770467
    },
    {
      "collective_below_1n_fraction": 0.0,
      "control_0_max": 62.0,
      "control_0_mean": 50.179253211905305,
      "control_0_min": 42.00216102178965,
      "control_0_near_limit_fraction": 0.04041666666666666,
      "control_0_std": 4.27070923630911,
      "control_1_max": 0.23492433262349016,
      "control_1_mean": 0.00104209254148161,
      "control_1_min": -0.30344839568464116,
      "control_1_near_limit_fraction": 0.0,
      "control_1_std": 0.040032393361446955,
      "control_2_max": 0.4849258854373763,
      "control_2_mean": 0.00030059893689342483,
      "control_2_min": -0.3740939718718069,
      "control_2_near_limit_fraction": 0.0,
      "control_2_std": 0.05396992146662839,
      "control_3_max": 0.1891296155599531,
      "control_3_mean": -0.002763782682680509,
      "control_3_min": -0.3482059140176079,
      "control_3_near_limit_fraction": 0.0,
      "control_3_std": 0.06071004870980247,
      "pairs": 2399.0,
      "run_name": "4-1-26_1520_1446",
      "samples": 2400.0,
      "solver_ms_mean": 0.3636850480355254,
      "solver_ms_std": 0.08599898639140319,
      "state_x_max": 0.3104034662246704,
      "state_x_min": -0.19415533542633057,
      "state_x_range": 0.504558801651001,
      "state_y_max": 0.059348590672016144,
      "state_y_min": -0.18448103964328766,
      "state_y_range": 0.2438296303153038,
      "state_z_max": 0.7580747604370117,
      "state_z_min": -0.04252535104751587,
      "state_z_range": 0.8006001114845276,
      "tick_dt_ms_mean": 9.995814543749999,
      "tick_dt_ms_std": 0.22191314580299334
    }
  ],
  "train_runs": [
    "/home/soarbuckiadm/Desktop/QuantizedQuadrotorMPC-main/SITL/results/sitl/4-1-26_1520_1444/runtime_log.csv",
    "/home/soarbuckiadm/Desktop/QuantizedQuadrotorMPC-main/SITL/results/sitl/4-1-26_1520_1445/runtime_log.csv",
    "/home/soarbuckiadm/Desktop/QuantizedQuadrotorMPC-main/SITL/results/sitl/4-1-26_1520_1446/runtime_log.csv"
  ],
  "u_train_mean": [
    50.13647586619446,
    0.0001396886082562038,
    0.0003578676932276212,
    -0.0029260102620308095
  ],
  "u_train_std": [
    3.8728476080000136,
    0.037948722239270725,
    0.05179329664060339,
    0.06088384504501971
  ],