{
  "baseline": {
    "angular_rate_gains_diag": [
      0.25,
      0.25,
      0.15
    ],
    "attitude_gains_diag": [
      2.5,
      2.5,
      0.8
    ],
    "max_tilt_deg": 12.0,
    "position_gains_diag": [
      0.5,
      0.5,
      5.5
    ],
    "velocity_gains_diag": [
      0.8,
      0.8,
      3.0
    ],
    "z_integral_gain": 1.2,
    "z_integral_limit": 1.5
  },
  "controller_mode": "baseline_geometric",
  "initial_state": [
    0.009398904629051685,
    0.021154291927814484,
    -0.0047838687896728516,
    0.0015939860604703426,
    -0.005842104554176331,
    0.00826139934360981,
    0.9945893962433096,
    -0.10388351603154611,
    0.000623776848336163,
    0.10388323570664171,
    0.9945895118571749,
    0.00046622207986257366,
    -0.0006688345760374435,
    -0.0003988996041216306,
    0.999999696769695,
    -0.0006681309314444661,
    0.0010309868957847357,
    -0.0011847923742607236
  ],
  "model_artifact": "results/offline/hover_local_v1/latest/edmd_unquantized.npz",
  "quantization_mode": "none",
  "reference_duration_s": 24.0,
  "reference_mode": "sitl_identification_v2",
  "reference_sample_count": 24000,
  "reference_seed": 2141444,
  "vehicle_scaling": {
    "max_body_torque_x_nm": 1.0,
    "max_body_torque_y_nm": 1.0,
    "max_body_torque_z_nm": 0.6,
    "max_collective_thrust_newton": 62.0
  }
}