{
  "baseline": {
    "angular_rate_gains_diag": [
      0.25,
      0.25,
      0.15
    ],
    "attitude_gains_diag": [
      2.5,
      2.5,
      0.8
    ],
    "max_tilt_deg": 12.0,
    "position_gains_diag": [
      0.5,
      0.5,
      5.5
    ],
    "velocity_gains_diag": [
      0.8,
      0.8,
      3.0
    ],
    "z_integral_gain": 1.2,
    "z_integral_limit": 1.5
  },
  "controller_mode": "baseline_geometric",
  "initial_state": [
    -0.02242911048233509,
    0.06823786348104477,
    0.012130394577980042,
    -0.016787024214863777,
    -0.005279570817947388,
    0.0028297770768404007,
    0.9946079577913697,
    -0.10370787472192933,
    0.0001453513881727474,
    0.10370789387611423,
    0.9946079577776924,
    -0.0001310776834654867,
    -0.00013097385939068402,
    0.00014544494938887478,
    0.9999999808458101,
    0.000812884361948818,
    0.0011648741783574224,
    -8.695902943145484e-05
  ],
  "model_artifact": "results/offline/hover_local_v1/latest/edmd_unquantized.npz",
  "quantization_mode": "none",
  "reference_duration_s": 24.0,
  "reference_mode": "sitl_identification_v6",
  "reference_sample_count": 24000,
  "reference_seed": 2141447,
  "vehicle_scaling": {
    "max_body_torque_x_nm": 1.0,
    "max_body_torque_y_nm": 1.0,
    "max_body_torque_z_nm": 0.6,
    "max_collective_thrust_newton": 62.0
  }
}