{
  "baseline": {
    "angular_rate_gains_diag": [
      0.25,
      0.25,
      0.15
    ],
    "attitude_gains_diag": [
      2.5,
      2.5,
      0.8
    ],
    "max_tilt_deg": 12.0,
    "position_gains_diag": [
      0.5,
      0.5,
      5.5
    ],
    "velocity_gains_diag": [
      0.8,
      0.8,
      3.0
    ],
    "z_integral_gain": 1.2,
    "z_integral_limit": 1.5
  },
  "controller_mode": "baseline_geometric",
  "initial_state": [
    0.0070842960849404335,
    0.02640611305832863,
    -0.12750642001628876,
    0.005924014374613762,
    -0.006192374043166637,
    -0.013932675123214722,
    0.994734675448155,
    -0.10248500508359393,
    6.465836820817444e-05,
    0.10248502516219227,
    0.9947344246796654,
    -0.0007063719698134942,
    8.074547597099885e-06,
    0.0007092791171313603,
    0.9999997484289653,
    -0.0006608568364754319,
    -4.797792644239962e-05,
    -0.00011286174412816763
  ],
  "model_artifact": "results/offline/hover_local_v1/latest/edmd_unquantized.npz",
  "quantization_mode": "none",
  "reference_duration_s": 24.0,
  "reference_mode": "sitl_identification_v4",
  "reference_sample_count": 24000,
  "reference_seed": 2141444,
  "vehicle_scaling": {
    "max_body_torque_x_nm": 1.0,
    "max_body_torque_y_nm": 1.0,
    "max_body_torque_z_nm": 0.6,
    "max_collective_thrust_newton": 62.0
  }
}