{
  "baseline": {
    "angular_rate_gains_diag": [
      0.25,
      0.25,
      0.15
    ],
    "attitude_gains_diag": [
      2.5,
      2.5,
      0.8
    ],
    "max_tilt_deg": 12.0,
    "position_gains_diag": [
      0.5,
      0.5,
      5.5
    ],
    "velocity_gains_diag": [
      0.8,
      0.8,
      3.0
    ],
    "z_integral_gain": 1.2,
    "z_integral_limit": 1.5
  },
  "controller_mode": "edmd_mpc",
  "initial_state": [
    -0.002315702149644494,
    -0.005367565434426069,
    -0.023842602968215942,
    -0.015276432037353516,
    -0.0184665247797966,
    0.012039544060826302,
    0.9944375362375911,
    -0.1053240372880766,
    0.000951764054511031,
    0.10532269973701691,
    0.9944372025713261,
    0.0013605976260979242,
    -0.001089773138991894,
    -0.0012527869815472771,
    0.999998621458737,
    -0.0007004790240898728,
    0.0010175049537792802,
    -0.0006770028849132359
  ],
  "model_artifact": "results/offline/sitl_baseline_v1/latest/edmd_unquantized.npz",
  "quantization_mode": "none",
  "reference_duration_s": 10.0,
  "reference_mode": "takeoff_hold",
  "reference_sample_count": 10000,
  "reference_seed": 2141444,
  "vehicle_scaling": {
    "max_body_torque_x_nm": 1.0,
    "max_body_torque_y_nm": 1.0,
    "max_body_torque_z_nm": 0.6,
    "max_collective_thrust_newton": 62.0
  }
}