{
  "baseline": {
    "angular_rate_gains_diag": [
      0.25,
      0.25,
      0.15
    ],
    "attitude_gains_diag": [
      2.5,
      2.5,
      0.8
    ],
    "max_tilt_deg": 12.0,
    "position_gains_diag": [
      0.5,
      0.5,
      5.5
    ],
    "velocity_gains_diag": [
      0.8,
      0.8,
      3.0
    ],
    "z_integral_gain": 1.2,
    "z_integral_limit": 1.5
  },
  "controller_mode": "baseline_geometric",
  "initial_state": [
    0.021311182528734207,
    0.016350479796528816,
    0.047098398208618164,
    0.016562683507800102,
    0.010614676401019096,
    0.006500746589154005,
    0.9945395677037119,
    -0.10435781689821022,
    -0.0007330981101068852,
    0.10435771426151752,
    0.9945398329159467,
    -0.00017699297664480057,
    0.0007475658545404718,
    9.952208774462006e-05,
    0.9999997156202887,
    -0.0008613395038992167,
    0.0009385619778186083,
    -0.00031237449729815125
  ],
  "model_artifact": "results/offline/hover_local_v1/latest/edmd_unquantized.npz",
  "quantization_mode": "none",
  "reference_duration_s": 24.0,
  "reference_mode": "sitl_identification_v4",
  "reference_sample_count": 24000,
  "reference_seed": 2141445,
  "vehicle_scaling": {
    "max_body_torque_x_nm": 1.0,
    "max_body_torque_y_nm": 1.0,
    "max_body_torque_z_nm": 0.6,
    "max_collective_thrust_newton": 62.0
  }
}