{
  "baseline": {
    "angular_rate_gains_diag": [
      0.25,
      0.25,
      0.15
    ],
    "attitude_gains_diag": [
      2.5,
      2.5,
      0.8
    ],
    "max_tilt_deg": 12.0,
    "position_gains_diag": [
      0.5,
      0.5,
      5.5
    ],
    "velocity_gains_diag": [
      0.8,
      0.8,
      3.0
    ],
    "z_integral_gain": 1.2,
    "z_integral_limit": 1.5
  },
  "controller_mode": "baseline_geometric",
  "initial_state": [
    -0.0020377961918711662,
    -0.0006915193516761065,
    -0.053285181522369385,
    -0.00023054771008901298,
    0.009078912436962128,
    -0.007719272747635841,
    0.9946396145635156,
    -0.10340149205730431,
    0.0005224757791758667,
    0.1034016916614986,
    0.9946396619966386,
    -0.0003706001176157106,
    -0.0004813545220432561,
    0.0004226383928498641,
    0.9999997948372952,
    0.0007317349081858993,
    -0.0009355751099064946,
    0.0001714066311251372
  ],
  "model_artifact": "results/offline/hover_local_v1/latest/edmd_unquantized.npz",
  "quantization_mode": "none",
  "reference_duration_s": 24.0,
  "reference_mode": "sitl_identification_v5",
  "reference_sample_count": 24000,
  "reference_seed": 2141447,
  "vehicle_scaling": {
    "max_body_torque_x_nm": 1.0,
    "max_body_torque_y_nm": 1.0,
    "max_body_torque_z_nm": 0.6,
    "max_collective_thrust_newton": 62.0
  }
}