{
  "baseline": {
    "angular_rate_gains_diag": [
      0.25,
      0.25,
      0.15
    ],
    "attitude_gains_diag": [
      2.5,
      2.5,
      0.8
    ],
    "max_tilt_deg": 12.0,
    "position_gains_diag": [
      0.5,
      0.5,
      5.5
    ],
    "velocity_gains_diag": [
      0.8,
      0.8,
      3.0
    ],
    "z_integral_gain": 1.2,
    "z_integral_limit": 1.5
  },
  "controller_mode": "edmd_mpc",
  "initial_state": [
    -0.01604793220758438,
    0.03948888182640076,
    0.01569788157939911,
    -0.01597057655453682,
    -0.008798169903457165,
    0.011325928382575512,
    0.9947173069374472,
    -0.10264797671376447,
    0.0009314319220681978,
    0.10264839624644306,
    0.9947176134711085,
    -0.00041425609999583106,
    -0.0008839891891023136,
    0.0005076777081787689,
    0.9999994804130931,
    -0.00037035185960121453,
    -0.0009273375617340207,
    -0.00024890119675546885
  ],
  "model_artifact": "results/offline/sitl_baseline_v1/latest/edmd_unquantized.npz",
  "quantization_mode": "none",
  "reference_duration_s": 10.0,
  "reference_mode": "takeoff_hold",
  "reference_sample_count": 10000,
  "reference_seed": 2141444,
  "vehicle_scaling": {
    "max_body_torque_x_nm": 1.0,
    "max_body_torque_y_nm": 1.0,
    "max_body_torque_z_nm": 0.6,
    "max_collective_thrust_newton": 62.0
  }
}