{
  "baseline": {
    "angular_rate_gains_diag": [
      0.25,
      0.25,
      0.15
    ],
    "attitude_gains_diag": [
      2.5,
      2.5,
      0.8
    ],
    "max_tilt_deg": 12.0,
    "position_gains_diag": [
      0.5,
      0.5,
      5.5
    ],
    "velocity_gains_diag": [
      0.8,
      0.8,
      3.0
    ],
    "z_integral_gain": 1.2,
    "z_integral_limit": 1.5
  },
  "control_coordinates": {
    "internal_lower_bounds": [
      -2.1003446734134403,
      -7.999955370795945,
      -7.229735580713792,
      -5.794252708243546
    ],
    "internal_upper_bounds": [
      3.0632561191665406,
      6.186891946845847,
      9.355805657759024,
      3.1685870936506255
    ],
    "normalized": true,
    "physical_lower_bounds": [
      42.00216102178965,
      -0.30344839568464116,
      -0.3740939718718069,
      -0.3557023943024167
    ],
    "physical_upper_bounds": [
      62.0,
      0.23492433262349016,
      0.4849258854373763,
      0.1899897553594432
    ],
    "scale": [
      3.8728476080000136,
      0.037948722239270725,
      0.05179329664060339,
      0.06088384504501971
    ],
    "trim": [
      50.13647586619446,
      0.0001396886082562038,
      0.0003578676932276212,
      -0.0029260102620308095
    ]
  },
  "controller_mode": "edmd_mpc",
  "initial_state": [
    0.026834581047296524,
    0.004851551726460457,
    -0.004236459732055664,
    0.001120522036217153,
    -0.011431415565311909,
    -0.0129068149253726,
    0.9946300343718912,
    -0.10349570270106767,
    -4.234840504246877e-06,
    0.1034957027186838,
    0.9946300343703063,
    4.176170828684086e-06,
    3.779883869499115e-06,
    -4.592031665816588e-06,
    0.9999999999823128,
    -0.0006969156092964113,
    -0.0002965118910651654,
    -4.2026334995171055e-05
  ],
  "model_artifact": "results/offline/sitl_baseline_v1/latest/edmd_unquantized.npz",
  "quantization_mode": "none",
  "reference_duration_s": 10.0,
  "reference_mode": "takeoff_hold",
  "reference_sample_count": 10000,
  "reference_seed": 2141444,
  "vehicle_scaling": {
    "max_body_torque_x_nm": 1.0,
    "max_body_torque_y_nm": 1.0,
    "max_body_torque_z_nm": 0.6,
    "max_collective_thrust_newton": 62.0
  }
}