{
  "artifact_eval_rmse": {
    "dx": 0.027649949767377256,
    "theta": 0.029165677890289305,
    "wb": 0.07194668566081679,
    "x": 0.0045805684288775725
  },
  "artifact_path": "/home/soarbuckiadm/Desktop/QuantizedQuadrotorMPC-main/SITL/results/offline/sitl_baseline_v1/20260402T013459Z_sitl_id_v7_hovercentered_affine_rotated/edmd_unquantized.npz",
  "cost_state_mode": "decoded24_raw",
  "divergence_time_s": 9.983211768,
  "dominant_error_group": "wb",
  "early_window_rmse": {
    "dx": 0.11393610152454876,
    "theta": 0.05422396976825233,
    "wb": 0.3090446144229855,
    "x": 0.0034096890647800546
  },
  "early_window_rmse_ratio": {
    "dx": 4.120662152485212,
    "theta": 1.8591705624749482,
    "wb": 4.295467005664942,
    "x": 0.7443812089530488
  },
  "early_window_s": 2.0,
  "log_path": "/home/soarbuckiadm/Desktop/QuantizedQuadrotorMPC-main/SITL/results/sitl/4-3-26_1700_01/runtime_log.csv",
  "post_4s_internal_bound_fraction": {
    "u0": 0.621160409556314,
    "u1": 0.0,
    "u2": 0.006825938566552901,
    "u3": 0.0
  },
  "pre_divergence_internal_bound_fraction": {
    "u0": 0.5357873210633947,
    "u1": 0.0,
    "u2": 0.00408997955010225,
    "u3": 0.0
  },
  "replay_horizon_steps": 10,
  "residual_enabled": true,
  "run_name": "4-3-26_1700_01",
  "selected_branch": "Branch A",
  "thresholds": {
    "bound_activity_margin_fraction": 0.05,
    "branch_a_state_ratio": 4.0,
    "branch_a_theta_ratio": 3.0,
    "branch_a_wb_ratio": 3.0,
    "branch_b_bound_fraction": 0.1,
    "branch_b_divergence_time_s": 4.0,
    "post_4s_internal_bound_fraction_max": 0.15
  }
}