{
  "baseline": {
    "angular_rate_gains_diag": [
      0.25,
      0.25,
      0.15
    ],
    "attitude_gains_diag": [
      2.5,
      2.5,
      0.8
    ],
    "max_tilt_deg": 12.0,
    "position_gains_diag": [
      0.5,
      0.5,
      5.5
    ],
    "velocity_gains_diag": [
      0.8,
      0.8,
      3.0
    ],
    "z_integral_gain": 1.2,
    "z_integral_limit": 1.5
  },
  "controller_mode": "baseline_geometric",
  "initial_state": [
    -0.003711400320753455,
    -0.0068746292963624,
    -0.03030426800251007,
    -0.000600494327954948,
    0.008739311248064041,
    -0.009161287918686867,
    0.9945023161431024,
    -0.10471164836878,
    -0.0008576769884606344,
    0.10471162576108828,
    0.9945026858024406,
    -7.134506425419268e-05,
    0.0008604326765198969,
    -1.8855871900938515e-05,
    0.9999996296499845,
    0.0006121422629803419,
    -6.280199158936739e-06,
    0.000700778269674629
  ],
  "model_artifact": "results/offline/hover_local_v1/latest/edmd_unquantized.npz",
  "quantization_mode": "none",
  "reference_duration_s": 24.0,
  "reference_mode": "sitl_identification_v4",
  "reference_sample_count": 24000,
  "reference_seed": 2141446,
  "vehicle_scaling": {
    "max_body_torque_x_nm": 1.0,
    "max_body_torque_y_nm": 1.0,
    "max_body_torque_z_nm": 0.6,
    "max_collective_thrust_newton": 62.0
  }
}