{
  "baseline": {
    "angular_rate_gains_diag": [
      0.25,
      0.25,
      0.15
    ],
    "attitude_gains_diag": [
      2.5,
      2.5,
      0.8
    ],
    "max_tilt_deg": 12.0,
    "position_gains_diag": [
      0.5,
      0.5,
      5.5
    ],
    "velocity_gains_diag": [
      0.8,
      0.8,
      3.0
    ],
    "z_integral_gain": 1.2,
    "z_integral_limit": 1.5
  },
  "controller_mode": "baseline_geometric",
  "initial_state": [
    -0.012233075685799122,
    -0.01649543270468712,
    0.044891104102134705,
    -0.012266667559742928,
    -0.008752649649977684,
    0.02548275701701641,
    0.994595264324371,
    -0.10382732912394865,
    0.0006192758347777442,
    0.10382709385765643,
    0.994595400938042,
    0.00040075672901216525,
    -0.0006575382840880509,
    -0.00033429316527076,
    0.9999997279457346,
    -0.00020028071594424546,
    -0.0005417215288616717,
    0.0006771043408662081
  ],
  "model_artifact": "results/offline/hover_local_v1/latest/edmd_unquantized.npz",
  "quantization_mode": "none",
  "reference_duration_s": 24.0,
  "reference_mode": "sitl_identification_v1",
  "reference_sample_count": 24000,
  "reference_seed": 2141444,
  "vehicle_scaling": {
    "max_body_torque_x_nm": 1.0,
    "max_body_torque_y_nm": 1.0,
    "max_body_torque_z_nm": 0.6,
    "max_collective_thrust_newton": 62.0
  }
}