{
  "baseline": {
    "angular_rate_gains_diag": [
      0.25,
      0.25,
      0.15
    ],
    "attitude_gains_diag": [
      2.5,
      2.5,
      0.8
    ],
    "max_tilt_deg": 12.0,
    "position_gains_diag": [
      0.5,
      0.5,
      5.5
    ],
    "velocity_gains_diag": [
      0.8,
      0.8,
      3.0
    ],
    "z_integral_gain": 1.2,
    "z_integral_limit": 1.5
  },
  "controller_mode": "baseline_geometric",
  "initial_state": [
    -0.029508916661143303,
    0.005069343373179436,
    -0.02426445484161377,
    -0.0048941331915557384,
    0.002442950149998069,
    -0.0012358782114461064,
    0.9946093342031639,
    -0.10369462893574077,
    -0.00012171681011591447,
    0.1036945947292256,
    0.994609311244472,
    -0.0002599594053861905,
    0.00014801700787721653,
    0.00024593665788696754,
    0.9999999588030679,
    0.0006340694380924106,
    1.0709285561461002e-05,
    0.00010149696754524484
  ],
  "model_artifact": "results/offline/hover_local_v1/latest/edmd_unquantized.npz",
  "quantization_mode": "none",
  "reference_duration_s": 24.0,
  "reference_mode": "sitl_identification_v7",
  "reference_sample_count": 24000,
  "reference_seed": 2141447,
  "vehicle_scaling": {
    "max_body_torque_x_nm": 1.0,
    "max_body_torque_y_nm": 1.0,
    "max_body_torque_z_nm": 0.6,
    "max_collective_thrust_newton": 62.0
  }
}