{
  "baseline": {
    "angular_rate_gains_diag": [
      0.25,
      0.25,
      0.15
    ],
    "attitude_gains_diag": [
      2.5,
      2.5,
      0.8
    ],
    "max_tilt_deg": 12.0,
    "position_gains_diag": [
      0.5,
      0.5,
      5.5
    ],
    "velocity_gains_diag": [
      0.8,
      0.8,
      3.0
    ],
    "z_integral_gain": 1.2,
    "z_integral_limit": 1.5
  },
  "controller_mode": "baseline_geometric",
  "initial_state": [
    0.01087893545627594,
    0.02851777710020542,
    -0.010550543665885925,
    0.008358880877494812,
    0.011896060779690742,
    -0.013184943236410618,
    0.9945111389083889,
    -0.10463034332729859,
    0.00016172485095377817,
    0.10463041720689081,
    0.994510992862307,
    -0.0005488020708577478,
    -0.0001034157809670054,
    0.0005627111307240674,
    0.999999836330662,
    -0.0012516039423644543,
    -0.0004174681380391121,
    -0.0007311896770261228
  ],
  "model_artifact": "results/offline/hover_local_v1/latest/edmd_unquantized.npz",
  "quantization_mode": "none",
  "reference_duration_s": 24.0,
  "reference_mode": "sitl_identification_v2",
  "reference_sample_count": 24000,
  "reference_seed": 2141447,
  "vehicle_scaling": {
    "max_body_torque_x_nm": 1.0,
    "max_body_torque_y_nm": 1.0,
    "max_body_torque_z_nm": 0.6,
    "max_collective_thrust_newton": 62.0
  }
}