{
  "artifact_eval_rmse": {
    "dx": 0.027649949767377256,
    "theta": 0.029165677890289305,
    "wb": 0.07194668566081679,
    "x": 0.0045805684288775725
  },
  "artifact_path": "/home/soarbuckiadm/Desktop/QuantizedQuadrotorMPC-main/SITL/results/offline/sitl_baseline_v1/20260402T013459Z_sitl_id_v7_hovercentered_affine_rotated/edmd_unquantized.npz",
  "cost_state_mode": "decoded24_raw",
  "divergence_time_s": 2.604491066,
  "dominant_error_group": "dx",
  "early_window_rmse": {
    "dx": 0.3499906251434439,
    "theta": 0.25752934200386685,
    "wb": 0.5719087624666864,
    "x": 0.015206720983006737
  },
  "early_window_rmse_ratio": {
    "dx": 12.657911789640202,
    "theta": 8.829876780940898,
    "wb": 7.949063354535541,
    "x": 3.3198327279946365
  },
  "early_window_s": 2.0,
  "log_path": "/home/soarbuckiadm/Desktop/QuantizedQuadrotorMPC-main/SITL/results/sitl/4-3-26_1730/runtime_log.csv",
  "post_4s_internal_bound_fraction": {
    "u0": 1.0,
    "u1": 1.0,
    "u2": 1.0,
    "u3": 1.0
  },
  "pre_divergence_internal_bound_fraction": {
    "u0": 0.47058823529411764,
    "u1": 0.13725490196078433,
    "u2": 0.13725490196078433,
    "u3": 0.0
  },
  "replay_horizon_steps": 10,
  "residual_enabled": true,
  "run_name": "4-3-26_1730",
  "selected_branch": "Branch A",
  "thresholds": {
    "bound_activity_margin_fraction": 0.05,
    "branch_a_state_ratio": 4.0,
    "branch_a_theta_ratio": 3.0,
    "branch_a_wb_ratio": 3.0,
    "branch_b_bound_fraction": 0.1,
    "branch_b_divergence_time_s": 4.0,
    "post_4s_internal_bound_fraction_max": 0.15
  }
}