{
  "baseline": {
    "angular_rate_gains_diag": [
      0.25,
      0.25,
      0.15
    ],
    "attitude_gains_diag": [
      2.5,
      2.5,
      0.8
    ],
    "max_tilt_deg": 12.0,
    "position_gains_diag": [
      0.5,
      0.5,
      5.5
    ],
    "velocity_gains_diag": [
      0.8,
      0.8,
      3.0
    ],
    "z_integral_gain": 1.2,
    "z_integral_limit": 1.5
  },
  "controller_mode": "baseline_geometric",
  "initial_state": [
    0.010467729531228542,
    0.012636573985219002,
    0.008300960063934326,
    -0.00603904016315937,
    0.018179258331656456,
    -0.00568531546741724,
    0.9944982911273336,
    -0.1047526460511361,
    0.0003872189816695945,
    0.10475239265101943,
    0.9944981966512024,
    0.0006252517950407419,
    -0.0004505853015763159,
    -0.000581249716533512,
    0.9999997295608044,
    0.0007542732055298984,
    -0.0004699525306932628,
    0.00020829863206017762
  ],
  "model_artifact": "results/offline/hover_local_v1/latest/edmd_unquantized.npz",
  "quantization_mode": "none",
  "reference_duration_s": 24.0,
  "reference_mode": "sitl_identification_v7",
  "reference_sample_count": 24000,
  "reference_seed": 2141445,
  "vehicle_scaling": {
    "max_body_torque_x_nm": 1.0,
    "max_body_torque_y_nm": 1.0,
    "max_body_torque_z_nm": 0.6,
    "max_collective_thrust_newton": 62.0
  }
}