{
  "baseline": {
    "angular_rate_gains_diag": [
      0.25,
      0.25,
      0.15
    ],
    "attitude_gains_diag": [
      2.5,
      2.5,
      0.8
    ],
    "max_tilt_deg": 12.0,
    "position_gains_diag": [
      0.5,
      0.5,
      5.5
    ],
    "velocity_gains_diag": [
      0.8,
      0.8,
      3.0
    ],
    "z_integral_gain": 1.2,
    "z_integral_limit": 1.5
  },
  "controller_mode": "baseline_geometric",
  "initial_state": [
    0.01575886830687523,
    -0.04399513080716133,
    0.016903981566429138,
    0.009005765430629253,
    0.001190784154459834,
    -0.014270322397351265,
    0.9944638946836393,
    -0.10507846886723282,
    0.0006632382469963765,
    0.10507871430661586,
    0.9944640294973595,
    -0.00034665462743818827,
    -0.000623140596820641,
    0.00041442755651277703,
    0.9999997199728052,
    0.0001321208110312,
    6.450609362218529e-05,
    0.0005478341481648386
  ],
  "model_artifact": "results/offline/hover_local_v1/latest/edmd_unquantized.npz",
  "quantization_mode": "none",
  "reference_duration_s": 24.0,
  "reference_mode": "sitl_identification_v1",
  "reference_sample_count": 24000,
  "reference_seed": 2141447,
  "vehicle_scaling": {
    "max_body_torque_x_nm": 1.0,
    "max_body_torque_y_nm": 1.0,
    "max_body_torque_z_nm": 0.6,
    "max_collective_thrust_newton": 62.0
  }
}