{
  "baseline": {
    "angular_rate_gains_diag": [
      0.25,
      0.25,
      0.15
    ],
    "attitude_gains_diag": [
      2.5,
      2.5,
      0.8
    ],
    "max_tilt_deg": 12.0,
    "position_gains_diag": [
      0.5,
      0.5,
      5.5
    ],
    "velocity_gains_diag": [
      0.8,
      0.8,
      3.0
    ],
    "z_integral_gain": 1.2,
    "z_integral_limit": 1.5
  },
  "controller_mode": "baseline_geometric",
  "initial_state": [
    0.009511737152934074,
    0.016709787771105766,
    0.018844008445739746,
    0.009609537199139595,
    0.004690229427069426,
    0.002556221792474389,
    0.9945749770589053,
    -0.10402183447285651,
    0.0002823565769387795,
    0.10402174253800767,
    0.9945749743582134,
    0.0003228370672355847,
    -0.00031440688728632735,
    -0.00029171444556069044,
    0.9999999080254918,
    0.000893664313480258,
    4.3775471567641944e-05,
    0.0006307800649665296
  ],
  "model_artifact": "results/offline/hover_local_v1/latest/edmd_unquantized.npz",
  "quantization_mode": "none",
  "reference_duration_s": 24.0,
  "reference_mode": "sitl_identification_v2",
  "reference_sample_count": 24000,
  "reference_seed": 2141446,
  "vehicle_scaling": {
    "max_body_torque_x_nm": 1.0,
    "max_body_torque_y_nm": 1.0,
    "max_body_torque_z_nm": 0.6,
    "max_collective_thrust_newton": 62.0
  }
}