{
  "artifact_eval_rmse": {
    "dx": 0.027649949767377256,
    "theta": 0.029165677890289305,
    "wb": 0.07194668566081679,
    "x": 0.0045805684288775725
  },
  "artifact_path": "/home/soarbuckiadm/Desktop/QuantizedQuadrotorMPC-main/SITL/results/offline/sitl_baseline_v1/20260402T013459Z_sitl_id_v7_hovercentered_affine_rotated/edmd_unquantized.npz",
  "cost_state_mode": "decoded24_raw",
  "divergence_time_s": 6.96045249,
  "dominant_error_group": "dx",
  "early_window_rmse": {
    "dx": 0.15650579735725587,
    "theta": 0.03348672617230663,
    "wb": 0.21169932731783306,
    "x": 0.002878386949948077
  },
  "early_window_rmse_ratio": {
    "dx": 5.660256118870384,
    "theta": 1.1481552494089642,
    "wb": 2.942447249284863,
    "x": 0.6283907760883293
  },
  "early_window_s": 2.0,
  "log_path": "/home/soarbuckiadm/Desktop/QuantizedQuadrotorMPC-main/SITL/results/sitl/4-3-26_2010/runtime_log.csv",
  "post_4s_internal_bound_fraction": {
    "u0": 0.8710801393728222,
    "u1": 0.5679442508710801,
    "u2": 0.5958188153310104,
    "u3": 0.5261324041811847
  },
  "pre_divergence_internal_bound_fraction": {
    "u0": 0.536144578313253,
    "u1": 0.04819277108433735,
    "u2": 0.07228915662650602,
    "u3": 0.02108433734939759
  },
  "replay_horizon_steps": 10,
  "residual_enabled": true,
  "run_name": "4-3-26_2010",
  "selected_branch": "Branch A",
  "thresholds": {
    "bound_activity_margin_fraction": 0.05,
    "branch_a_state_ratio": 4.0,
    "branch_a_theta_ratio": 3.0,
    "branch_a_wb_ratio": 3.0,
    "branch_b_bound_fraction": 0.1,
    "branch_b_divergence_time_s": 4.0,
    "post_4s_internal_bound_fraction_max": 0.15
  }
}