{
  "baseline": {
    "angular_rate_gains_diag": [
      0.25,
      0.25,
      0.15
    ],
    "attitude_gains_diag": [
      2.5,
      2.5,
      0.8
    ],
    "max_tilt_deg": 12.0,
    "position_gains_diag": [
      0.5,
      0.5,
      5.5
    ],
    "velocity_gains_diag": [
      0.8,
      0.8,
      3.0
    ],
    "z_integral_gain": 1.2,
    "z_integral_limit": 1.5
  },
  "controller_mode": "baseline_geometric",
  "initial_state": [
    -0.023013824597001076,
    0.04141023010015488,
    0.007568031549453735,
    -0.016736075282096863,
    -0.00410974957048893,
    -0.0026584684383124113,
    0.99463969018818,
    -0.10340107602776305,
    0.00024663200911597197,
    0.10340096361810702,
    0.9946396387386611,
    0.0004317654026837342,
    -0.0002899549938553264,
    -0.00040394902204806196,
    0.9999998763756345,
    -0.00032241520239040256,
    6.255670450627804e-05,
    -0.0003384138981346041
  ],
  "model_artifact": "results/offline/hover_local_v1/latest/edmd_unquantized.npz",
  "quantization_mode": "none",
  "reference_duration_s": 24.0,
  "reference_mode": "sitl_identification_v3",
  "reference_sample_count": 24000,
  "reference_seed": 2141447,
  "vehicle_scaling": {
    "max_body_torque_x_nm": 1.0,
    "max_body_torque_y_nm": 1.0,
    "max_body_torque_z_nm": 0.6,
    "max_collective_thrust_newton": 62.0
  }
}