{
  "active_axis_thresholds_nm": {
    "u1": 0.05,
    "u2": 0.05,
    "u3": 0.03
  },
  "active_overlap_fraction_by_axis": {
    "u1": 0.8787878787878788,
    "u2": 0.8838709677419355,
    "u3": 0.7220902612826603
  },
  "active_sample_count_by_axis": {
    "u1": 396,
    "u2": 465,
    "u3": 421
  },
  "active_sign_match_fraction_by_axis": {
    "u1": 0.7586206896551724,
    "u2": 0.6934306569343066,
    "u3": 0.625
  },
  "anchor_intervention_fraction_by_axis": {
    "u1": 0.1926605504587156,
    "u2": 0.0982961992136304,
    "u3": 0.2503276539973788
  },
  "anchor_mapping_status": "learned-controller/runtime issue",
  "anchor_sign_flip_count_by_axis": {
    "u1": 4,
    "u2": 20,
    "u3": 69
  },
  "artifact_path": "/home/soarbuckiadm/Desktop/QuantizedQuadrotorMPC-main/SITL/results/offline/sitl_baseline_v1/20260402T013459Z_sitl_id_v7_hovercentered_affine_rotated/edmd_unquantized.npz",
  "cost_state_mode": "decoded24_raw",
  "divergence_time_s": 6.122182892,
  "dominant_mismatch_axis": "u3",
  "first_anchor_intervention_time_s_by_axis": {
    "u1": 3.174465234,
    "u2": 3.00577622,
    "u3": 2.351243363
  },
  "first_bound_hit_time_s_by_axis": {
    "u0": 1.386480972,
    "u1": 5.6009267,
    "u2": 3.819751855,
    "u3": 5.718582211
  },
  "first_sign_mismatch_time_s_by_axis": {
    "u1": 5.568948472,
    "u2": 4.080462475,
    "u3": 5.67397604
  },
  "log_path": "/home/soarbuckiadm/Desktop/QuantizedQuadrotorMPC-main/SITL/results/sitl/4-3-26_2020/runtime_log.csv",
  "mapping_status": "mapping/sign bug",
  "mean_magnitude_ratio_by_axis": {
    "u1": 0.66555040675132,
    "u2": 0.7980113212448783,
    "u3": 0.6689501267957325
  },
  "metadata_path": "/home/soarbuckiadm/Desktop/QuantizedQuadrotorMPC-main/SITL/results/sitl/4-3-26_2020/run_metadata.json",
  "overlap_sample_count_by_axis": {
    "u1": 348,
    "u2": 411,
    "u3": 304
  },
  "pre_divergence_active_overlap_fraction_by_axis": {
    "u1": 0.5596330275229358,
    "u2": 0.71875,
    "u3": 0.1
  },
  "pre_divergence_active_sample_count_by_axis": {
    "u1": 109,
    "u2": 192,
    "u3": 130
  },
  "pre_divergence_mean_magnitude_ratio_by_axis": {
    "u1": 0.5881081082956746,
    "u2": 0.5704723823662953,
    "u3": 0.5970392013260826
  },
  "pre_divergence_overlap_sample_count_by_axis": {
    "u1": 61,
    "u2": 138,
    "u3": 13
  },
  "pre_divergence_sign_match_fraction_by_axis": {
    "u1": 0.9836065573770492,
    "u2": 0.9057971014492754,
    "u3": 0.0
  },
  "raw_active_sign_match_fraction_by_axis": {
    "u1": 0.5801749271137027,
    "u2": 0.6766917293233082,
    "u3": 0.4139072847682119
  },
  "raw_dominant_mismatch_axis": "u3",
  "raw_first_sign_mismatch_time_s_by_axis": {
    "u1": 5.568948472,
    "u2": 4.080462475,
    "u3": 5.67397604
  },
  "raw_mean_magnitude_ratio_by_axis": {
    "u1": 0.6392000054870399,
    "u2": 0.7707179594364623,
    "u3": 0.5929726283293356
  },
  "raw_pre_divergence_mean_magnitude_ratio_by_axis": {
    "u1": 0.5365505894485839,
    "u2": 0.5053296486425428,
    "u3": 0.385416590763811
  },
  "raw_pre_divergence_sign_match_fraction_by_axis": {
    "u1": 0.9827586206896551,
    "u2": 0.873015873015873,
    "u3": 0.0
  },
  "run_name": "4-3-26_2020",
  "u2_first_raw_mismatch_snapshot": {
    "baseline_u2": -0.05810791113915658,
    "experiment_time_s": 4.080462475,
    "lateral_position_residual_norm": 0.18228939189787755,
    "lateral_position_residual_xy": [
      -0.17702382430434227,
      0.0434969887137413
    ],
    "lateral_velocity_residual_norm": 0.2139505829975129,
    "lateral_velocity_residual_xy": [
      -0.20976096391677856,
      -0.04213300347328186
    ],
    "raw_magnitude_ratio": 1.1237316345751436,
    "raw_sign_match": false,
    "raw_u2": 0.06529769796615162,
    "used_magnitude_ratio": 1.1237316345751436,
    "used_sign_match": false,
    "used_u2": 0.06529769796615162
  },
  "u2_first_raw_mismatch_time_s": 4.080462475,
  "u2_first_used_mismatch_snapshot": {
    "baseline_u2": -0.05810791113915658,
    "experiment_time_s": 4.080462475,
    "lateral_position_residual_norm": 0.18228939189787755,
    "lateral_position_residual_xy": [
      -0.17702382430434227,
      0.0434969887137413
    ],
    "lateral_velocity_residual_norm": 0.2139505829975129,
    "lateral_velocity_residual_xy": [
      -0.20976096391677856,
      -0.04213300347328186
    ],
    "raw_magnitude_ratio": 1.1237316345751436,
    "raw_sign_match": false,
    "raw_u2": 0.06529769796615162,
    "used_magnitude_ratio": 1.1237316345751436,
    "used_sign_match": false,
    "used_u2": 0.06529769796615162
  },
  "u2_first_used_mismatch_time_s": 4.080462475,
  "u2_late_window_mean_baseline_control": 0.04892999816632895,
  "u2_late_window_mean_lateral_position_residual_norm": 6.189201232864086,
  "u2_late_window_mean_lateral_position_residual_xy": [
    -0.6098810209409345,
    6.036295516251386
  ],
  "u2_late_window_mean_lateral_velocity_residual_norm": 2.632301486809723,
  "u2_late_window_mean_lateral_velocity_residual_xy": [
    -1.6837067220454351,
    1.4341853945103438
  ],
  "u2_late_window_mean_raw_control": 0.18753056773572335,
  "u2_late_window_mean_raw_magnitude_ratio": 1.3907182384828063,
  "u2_late_window_mean_raw_sign_match": 0.6617647058823529,
  "u2_late_window_mean_used_control": 0.18753056773572335,
  "u2_late_window_mean_used_magnitude_ratio": 1.3907182384828063,
  "u2_late_window_mean_used_sign_match": 0.6617647058823529,
  "u2_late_window_start_s": 7.999734457000001,
  "used_active_sign_match_fraction_by_axis": {
    "u1": 0.7586206896551724,
    "u2": 0.6934306569343066,
    "u3": 0.625
  },
  "used_dominant_mismatch_axis": "u3",
  "used_first_sign_mismatch_time_s_by_axis": {
    "u1": 5.568948472,
    "u2": 4.080462475,
    "u3": 5.67397604
  },
  "used_mean_magnitude_ratio_by_axis": {
    "u1": 0.66555040675132,
    "u2": 0.7980113212448783,
    "u3": 0.6689501267957325
  },
  "used_pre_divergence_mean_magnitude_ratio_by_axis": {
    "u1": 0.5881081082956746,
    "u2": 0.5704723823662953,
    "u3": 0.5970392013260826
  },
  "used_pre_divergence_sign_match_fraction_by_axis": {
    "u1": 0.9836065573770492,
    "u2": 0.9057971014492754,
    "u3": 0.0
  }
}