{
  "artifact_eval_rmse": {
    "dx": 0.027649949767377256,
    "theta": 0.029165677890289305,
    "wb": 0.07194668566081679,
    "x": 0.0045805684288775725
  },
  "artifact_path": "/home/soarbuckiadm/Desktop/QuantizedQuadrotorMPC-main/SITL/results/offline/sitl_baseline_v1/20260402T013459Z_sitl_id_v7_hovercentered_affine_rotated/edmd_unquantized.npz",
  "cost_state_mode": "decoded24_raw",
  "divergence_time_s": 6.122182892,
  "dominant_error_group": "dx",
  "early_window_rmse": {
    "dx": 0.1322299598924649,
    "theta": 0.06855372825703489,
    "wb": 0.28041996336853503,
    "x": 0.0027785756138244194
  },
  "early_window_rmse_ratio": {
    "dx": 4.782285718597441,
    "theta": 2.3504932240872005,
    "wb": 3.8976078021236193,
    "x": 0.6066006123404393
  },
  "early_window_s": 2.0,
  "log_path": "/home/soarbuckiadm/Desktop/QuantizedQuadrotorMPC-main/SITL/results/sitl/4-3-26_2020/runtime_log.csv",
  "post_4s_internal_bound_fraction": {
    "u0": 0.8967032967032967,
    "u1": 0.7032967032967034,
    "u2": 0.7450549450549451,
    "u3": 0.6
  },
  "pre_divergence_internal_bound_fraction": {
    "u0": 0.5386266094420601,
    "u1": 0.060085836909871244,
    "u2": 0.11373390557939914,
    "u3": 0.015021459227467811
  },
  "replay_horizon_steps": 10,
  "residual_enabled": true,
  "run_name": "4-3-26_2020",
  "selected_branch": "Branch A",
  "thresholds": {
    "bound_activity_margin_fraction": 0.05,
    "branch_a_state_ratio": 4.0,
    "branch_a_theta_ratio": 3.0,
    "branch_a_wb_ratio": 3.0,
    "branch_b_bound_fraction": 0.1,
    "branch_b_divergence_time_s": 4.0,
    "post_4s_internal_bound_fraction_max": 0.15
  }
}