{
  "active_axis_thresholds_nm": {
    "u1": 0.05,
    "u2": 0.05,
    "u3": 0.03
  },
  "active_overlap_fraction_by_axis": {
    "u1": 0.9676113360323887,
    "u2": 0.9649805447470817,
    "u3": 0.9795081967213115
  },
  "active_sample_count_by_axis": {
    "u1": 247,
    "u2": 257,
    "u3": 244
  },
  "active_sign_match_fraction_by_axis": {
    "u1": 0.7280334728033473,
    "u2": 0.5080645161290323,
    "u3": 0.5857740585774058
  },
  "anchor_intervention_fraction_by_axis": {
    "u1": 0.2532467532467532,
    "u2": 0.048701298701298704,
    "u3": 0.21103896103896103
  },
  "anchor_mapping_status": "learned-controller/runtime issue",
  "anchor_sign_flip_count_by_axis": {
    "u1": 3,
    "u2": 3,
    "u3": 4
  },
  "artifact_path": "/home/soarbuckiadm/Desktop/QuantizedQuadrotorMPC-main/SITL/results/offline/sitl_baseline_v1/20260402T013459Z_sitl_id_v7_hovercentered_affine_rotated/edmd_unquantized.npz",
  "cost_state_mode": "decoded24_raw",
  "divergence_time_s": 3.462195307,
  "dominant_mismatch_axis": "u3",
  "first_anchor_intervention_time_s_by_axis": {
    "u1": 2.117572883,
    "u2": 1.874764531,
    "u3": 2.412862489
  },
  "first_bound_hit_time_s_by_axis": {
    "u0": 1.52744771,
    "u1": 2.709630743,
    "u2": 2.647707769,
    "u3": 3.069186013
  },
  "first_sign_mismatch_time_s_by_axis": {
    "u1": 3.565210731,
    "u2": 3.015598565,
    "u3": 3.069186013
  },
  "log_path": "/home/soarbuckiadm/Desktop/QuantizedQuadrotorMPC-main/SITL/results/sitl/4-3-26_1850_05/runtime_log.csv",
  "mapping_status": "mapping/sign bug",
  "mean_magnitude_ratio_by_axis": {
    "u1": 0.2810001893539089,
    "u2": 0.4396865238475459,
    "u3": 0.5289493467011465
  },
  "metadata_path": "/home/soarbuckiadm/Desktop/QuantizedQuadrotorMPC-main/SITL/results/sitl/4-3-26_1850_05/run_metadata.json",
  "overlap_sample_count_by_axis": {
    "u1": 239,
    "u2": 248,
    "u3": 239
  },
  "pre_divergence_active_overlap_fraction_by_axis": {
    "u1": 0.6666666666666666,
    "u2": 0.7352941176470589,
    "u3": 0.7619047619047619
  },
  "pre_divergence_active_sample_count_by_axis": {
    "u1": 24,
    "u2": 34,
    "u3": 21
  },
  "pre_divergence_mean_magnitude_ratio_by_axis": {
    "u1": 0.4135740759320192,
    "u2": 0.4721218209453087,
    "u3": 0.8412408316396323
  },
  "pre_divergence_overlap_sample_count_by_axis": {
    "u1": 16,
    "u2": 25,
    "u3": 16
  },
  "pre_divergence_sign_match_fraction_by_axis": {
    "u1": 1.0,
    "u2": 0.84,
    "u3": 0.5625
  },
  "raw_active_sign_match_fraction_by_axis": {
    "u1": 0.5230125523012552,
    "u2": 0.5040650406504065,
    "u3": 0.5168067226890757
  },
  "raw_dominant_mismatch_axis": "u3",
  "raw_first_sign_mismatch_time_s_by_axis": {
    "u1": 3.368328485,
    "u2": 3.015598565,
    "u3": 3.069186013
  },
  "raw_mean_magnitude_ratio_by_axis": {
    "u1": 0.26686968241261405,
    "u2": 0.4315082832279869,
    "u3": 0.5212838265230698
  },
  "raw_pre_divergence_mean_magnitude_ratio_by_axis": {
    "u1": 0.4001240731230253,
    "u2": 0.41030394332099496,
    "u3": 0.7763906408083776
  },
  "raw_pre_divergence_sign_match_fraction_by_axis": {
    "u1": 0.875,
    "u2": 0.8260869565217391,
    "u3": 0.4666666666666667
  },
  "run_name": "4-3-26_1850_05",
  "u2_first_raw_mismatch_snapshot": {
    "baseline_u2": -1.0,
    "experiment_time_s": 3.015598565,
    "lateral_position_residual_norm": 0.16647429504021954,
    "lateral_position_residual_xy": [
      -0.16186204180121422,
      -0.038914911448955536
    ],
    "lateral_velocity_residual_norm": 1.2900900213654467,
    "lateral_velocity_residual_xy": [
      -1.2872679233551025,
      0.08528514951467514
    ],
    "raw_magnitude_ratio": 0.44197485157077376,
    "raw_sign_match": false,
    "raw_u2": 0.44197485157077376,
    "used_magnitude_ratio": 0.44197485157077376,
    "used_sign_match": false,
    "used_u2": 0.44197485157077376
  },
  "u2_first_raw_mismatch_time_s": 3.015598565,
  "u2_first_used_mismatch_snapshot": {
    "baseline_u2": -1.0,
    "experiment_time_s": 3.015598565,
    "lateral_position_residual_norm": 0.16647429504021954,
    "lateral_position_residual_xy": [
      -0.16186204180121422,
      -0.038914911448955536
    ],
    "lateral_velocity_residual_norm": 1.2900900213654467,
    "lateral_velocity_residual_xy": [
      -1.2872679233551025,
      0.08528514951467514
    ],
    "raw_magnitude_ratio": 0.44197485157077376,
    "raw_sign_match": false,
    "raw_u2": 0.44197485157077376,
    "used_magnitude_ratio": 0.44197485157077376,
    "used_sign_match": false,
    "used_u2": 0.44197485157077376
  },
  "u2_first_used_mismatch_time_s": 3.015598565,
  "u2_late_window_mean_baseline_control": -0.043478260869565216,
  "u2_late_window_mean_lateral_position_residual_norm": 14.188430538708689,
  "u2_late_window_mean_lateral_position_residual_xy": [
    13.157210399113271,
    4.539996160113293
  ],
  "u2_late_window_mean_lateral_velocity_residual_norm": 9.356276000112498,
  "u2_late_window_mean_lateral_velocity_residual_xy": [
    7.828684869019882,
    4.741023600101471
  ],
  "u2_late_window_mean_raw_control": 0.02180228360179797,
  "u2_late_window_mean_raw_magnitude_ratio": 0.3817403021567015,
  "u2_late_window_mean_raw_sign_match": 0.5,
  "u2_late_window_mean_used_control": 0.02180228360179797,
  "u2_late_window_mean_used_magnitude_ratio": 0.3817403021567015,
  "u2_late_window_mean_used_sign_match": 0.5,
  "u2_late_window_start_s": 7.9515158669999995,
  "used_active_sign_match_fraction_by_axis": {
    "u1": 0.7280334728033473,
    "u2": 0.5080645161290323,
    "u3": 0.5857740585774058
  },
  "used_dominant_mismatch_axis": "u3",
  "used_first_sign_mismatch_time_s_by_axis": {
    "u1": 3.565210731,
    "u2": 3.015598565,
    "u3": 3.069186013
  },
  "used_mean_magnitude_ratio_by_axis": {
    "u1": 0.2810001893539089,
    "u2": 0.4396865238475459,
    "u3": 0.5289493467011465
  },
  "used_pre_divergence_mean_magnitude_ratio_by_axis": {
    "u1": 0.4135740759320192,
    "u2": 0.4721218209453087,
    "u3": 0.8412408316396323
  },
  "used_pre_divergence_sign_match_fraction_by_axis": {
    "u1": 1.0,
    "u2": 0.84,
    "u3": 0.5625
  }
}