{
  "artifact_eval_rmse": {
    "dx": 0.027649949767377256,
    "theta": 0.029165677890289305,
    "wb": 0.07194668566081679,
    "x": 0.0045805684288775725
  },
  "artifact_path": "/home/soarbuckiadm/Desktop/QuantizedQuadrotorMPC-main/SITL/results/offline/sitl_baseline_v1/20260402T013459Z_sitl_id_v7_hovercentered_affine_rotated/edmd_unquantized.npz",
  "cost_state_mode": "decoded24_raw",
  "divergence_time_s": 3.462195307,
  "dominant_error_group": "dx",
  "early_window_rmse": {
    "dx": 0.1590564297263533,
    "theta": 0.13750584308752759,
    "wb": 0.2914192850288158,
    "x": 0.012367079984108156
  },
  "early_window_rmse_ratio": {
    "dx": 5.752503388415402,
    "theta": 4.714645879474315,
    "wb": 4.0504893637863155,
    "x": 2.6999007167192564
  },
  "early_window_s": 2.0,
  "log_path": "/home/soarbuckiadm/Desktop/QuantizedQuadrotorMPC-main/SITL/results/sitl/4-3-26_1850_05/runtime_log.csv",
  "post_4s_internal_bound_fraction": {
    "u0": 1.0,
    "u1": 0.9952830188679245,
    "u2": 1.0,
    "u3": 0.9858490566037735
  },
  "pre_divergence_internal_bound_fraction": {
    "u0": 0.47619047619047616,
    "u1": 0.14285714285714285,
    "u2": 0.17857142857142858,
    "u3": 0.07142857142857142
  },
  "replay_horizon_steps": 10,
  "residual_enabled": true,
  "run_name": "4-3-26_1850_05",
  "selected_branch": "Branch A",
  "thresholds": {
    "bound_activity_margin_fraction": 0.05,
    "branch_a_state_ratio": 4.0,
    "branch_a_theta_ratio": 3.0,
    "branch_a_wb_ratio": 3.0,
    "branch_b_bound_fraction": 0.1,
    "branch_b_divergence_time_s": 4.0,
    "post_4s_internal_bound_fraction_max": 0.15
  }
}